Time(Iteration),LinUCB,LinTS
0,0.26864009276496104,0.26574607339861644
1,0.8802735517371276,1.0005418602325777
2,1.904708193890072,1.4608298730573996
3,2.951914933261275,2.0551516196743984
4,3.8971667961924346,2.5513018708833415
5,4.853788677413087,2.650275574616498
6,5.8609452605765995,2.9503476474973316
7,6.82946186979846,3.150331070373165
8,7.785298787343311,3.742787897292851
9,8.82758534012848,4.339338530732052
10,9.885317026833544,4.733379977066659
11,10.842144463455789,5.229040435186772
12,11.891699853205072,5.423048791063458
13,12.790022412303253,5.818422371345059
14,13.746379251655393,6.113876856592274
15,14.799654223143994,6.614272331793529
16,15.81444162821667,7.008251882203067
17,16.761355263191234,7.504014225787013
18,17.781216147246546,7.6961712000139615
19,18.773009170174852,8.202590941413764
20,19.812597842938935,8.60863672778084
21,20.88531209103435,8.71302349142805
22,21.9095319318814,9.110267926047262
23,22.91954704859544,9.511401010381324
24,23.923589174701874,10.109969697793572
25,23.923589174701874,10.213466476438928
26,23.923589174701874,10.719460312035682
27,23.923589174701874,11.123386274405208
28,23.923589174701874,11.713674247581801
29,23.923589174701874,12.020209302737344
30,23.923589174701874,12.52055853132829
31,23.923589174701874,12.81503986182949
32,24.12080199021193,13.120062538340182
33,24.217059564149665,13.612526928456939
34,24.217059564149665,14.106455637564391
35,24.403684255068274,14.305803439072
36,24.493983886015936,14.708048724099763
37,24.68791705938482,15.100695994322649
38,24.68791705938482,15.894779682012445
39,24.68791705938482,16.095561985295483
40,24.873925028690397,16.59054371338093
41,24.97303022293249,17.28561518003305
42,25.063842013582637,17.58528508233895
43,25.251626064575373,18.163826703957582
44,25.451998850497613,18.6460333806287
45,25.738198339496215,19.33638751183468
46,25.925076989825023,19.627433613792
47,26.019775196251935,19.91811202603467
48,26.019775196251935,20.113793100450074
49,26.309243072994565,20.213481291035706
50,26.501652915942355,20.41227864132241
51,26.70056632129477,20.70822791648046
52,26.79858118593159,21.001868706290185
53,26.893823605460675,21.305172119879916
54,27.08992137109265,21.602031644959943
55,27.283547237880594,21.700227961223526
56,27.47814818946423,22.0973746214214
57,27.672973292524055,22.196664839348745
58,27.96557422859532,22.29767010700623
59,27.96557422859532,22.39893839348148
60,28.33658452061865,22.702646720970275
61,28.72713331727389,22.80489692962636
62,29.29578766948857,22.90514299436563
63,29.684140821817028,22.90514299436563
64,30.080121924621135,22.90514299436563
65,30.45800882412364,22.90514299436563
66,31.035414548088983,23.00728971129029
67,31.51895206842018,23.104782290233853
68,31.91325487004322,23.104782290233853
69,32.38054026645064,23.104782290233853
70,32.762439946924964,23.104782290233853
71,33.04880894144689,23.104782290233853
72,33.338005961565685,23.104782290233853
73,33.90998889584611,23.104782290233853
74,34.48791456257277,23.104782290233853
75,35.16367072350728,23.104782290233853
76,35.64623290431705,23.104782290233853
77,36.03811910275788,23.104782290233853
78,36.41700737864055,23.104782290233853
79,36.80465240827899,23.104782290233853
80,36.90223101144382,23.104782290233853
81,37.00237015904154,23.104782290233853
82,37.29101008077738,23.104782290233853
83,37.486035522498504,23.104782290233853
84,37.777021834665184,23.104782290233853
85,38.35858452551883,23.104782290233853
86,38.753645015517165,23.104782290233853
87,39.041603989527744,23.104782290233853
88,39.62670087826116,23.104782290233853
89,40.12243408486623,23.104782290233853
90,40.40596140173517,23.104782290233853
91,40.87901257668178,23.104782290233853
92,41.26543327632156,23.104782290233853
93,41.55356808041952,23.104782290233853
94,41.84313832449932,23.104782290233853
95,42.0329645232417,23.104782290233853
96,42.13231305906134,23.104782290233853
97,42.230876533403176,23.104782290233853
98,42.33066614599677,23.104782290233853
99,42.429101379198165,23.104782290233853
100,42.62111287975749,23.104782290233853
101,42.719454818234055,23.104782290233853
102,42.719454818234055,23.104782290233853
103,42.719454818234055,23.104782290233853
104,42.811084713052956,23.104782290233853
105,42.89840861620031,23.104782290233853
106,42.89840861620031,23.104782290233853
107,43.087187305362264,23.104782290233853
108,43.186675214108604,23.104782290233853
109,43.38537188461943,23.104782290233853
110,43.47867488120248,23.104782290233853
111,43.578717049559835,23.104782290233853
112,43.578717049559835,23.104782290233853
113,43.775886674862136,23.104782290233853
114,43.87622588250559,23.104782290233853
115,44.06784219593557,23.104782290233853
116,44.157973837185686,23.104782290233853
117,44.157973837185686,23.104782290233853
118,44.157973837185686,23.104782290233853
119,44.157973837185686,23.104782290233853
120,44.157973837185686,23.104782290233853
121,44.157973837185686,23.104782290233853
122,44.253207708366816,23.104782290233853
123,44.253207708366816,23.104782290233853
124,44.253207708366816,23.104782290233853
125,44.253207708366816,23.104782290233853
126,44.253207708366816,23.104782290233853
127,44.253207708366816,23.104782290233853
128,44.34705347049973,23.104782290233853
129,44.44462576450533,23.104782290233853
130,44.44462576450533,23.104782290233853
131,44.44462576450533,23.104782290233853
132,44.44462576450533,23.104782290233853
133,44.44462576450533,23.104782290233853
134,44.53714998312202,23.104782290233853
135,44.53714998312202,23.104782290233853
136,44.630409858120395,23.104782290233853
137,44.824634771177884,23.104782290233853
138,44.824634771177884,23.104782290233853
139,44.824634771177884,23.104782290233853
140,44.913367527974984,23.104782290233853
141,45.199065327824755,23.104782290233853
142,45.394925992747105,23.104782290233853
143,45.49510274662594,23.104782290233853
144,45.592324838380435,23.104782290233853
145,45.68839334114864,23.104782290233853
146,45.78686898058761,23.104782290233853
147,45.97286871347187,23.104782290233853
148,46.168556690656274,23.104782290233853
149,46.26415088368996,23.104782290233853
150,46.26415088368996,23.104782290233853
151,46.26415088368996,23.104782290233853
152,46.26415088368996,23.104782290233853
153,46.361223312374506,23.104782290233853
154,46.45456005795491,23.104782290233853
155,46.45456005795491,23.104782290233853
156,46.5501431599237,23.104782290233853
157,46.5501431599237,23.104782290233853
158,46.5501431599237,23.104782290233853
159,46.636808338579755,23.104782290233853
160,46.72901606127096,23.104782290233853
161,46.82659879814888,23.104782290233853
162,46.92256478685759,23.104782290233853
163,46.92256478685759,23.104782290233853
164,46.92256478685759,23.104782290233853
165,46.92256478685759,23.104782290233853
166,46.92256478685759,23.104782290233853
167,46.92256478685759,23.104782290233853
168,47.01589942743674,23.104782290233853
169,47.01589942743674,23.104782290233853
170,47.109423161033924,23.104782290233853
171,47.20180175489865,23.104782290233853
172,47.20180175489865,23.104782290233853
173,47.20180175489865,23.104782290233853
174,47.29746482144339,23.104782290233853
175,47.29746482144339,23.104782290233853
176,47.29746482144339,23.104782290233853
177,47.396719393309155,23.104782290233853
178,47.496483624409635,23.104782290233853
179,47.496483624409635,23.104782290233853
180,47.68208170208959,23.104782290233853
181,47.68208170208959,23.104782290233853
182,47.68208170208959,23.104782290233853
183,47.776911600470655,23.104782290233853
184,47.95808311069975,23.104782290233853
185,48.14560966578905,23.104782290233853
186,48.14560966578905,23.104782290233853
187,48.14560966578905,23.104782290233853
188,48.14560966578905,23.104782290233853
189,48.14560966578905,23.104782290233853
190,48.14560966578905,23.104782290233853
191,48.14560966578905,23.104782290233853
192,48.14560966578905,23.104782290233853
193,48.14560966578905,23.104782290233853
194,48.14560966578905,23.104782290233853
195,48.14560966578905,23.104782290233853
196,48.23791606709911,23.104782290233853
197,48.32941921427966,23.104782290233853
198,48.32941921427966,23.104782290233853
199,48.52576735649614,23.104782290233853
200,48.70733083282192,23.104782290233853
201,48.70733083282192,23.104782290233853
202,48.799542086718574,23.104782290233853
203,48.799542086718574,23.104782290233853
204,48.89158667107985,23.104782290233853
205,48.89158667107985,23.104782290233853
206,48.89158667107985,23.104782290233853
207,48.89158667107985,23.104782290233853
208,48.89158667107985,23.104782290233853
209,49.07932321585474,23.104782290233853
210,49.07932321585474,23.104782290233853
211,49.2688653413473,23.104782290233853
212,49.2688653413473,23.104782290233853
213,49.552104989264556,23.104782290233853
214,49.6480715721559,23.104782290233853
215,49.6480715721559,23.104782290233853
216,49.741687993878564,23.104782290233853
217,49.741687993878564,23.104782290233853
218,49.741687993878564,23.104782290233853
219,49.741687993878564,23.104782290233853
220,49.83314288492628,23.104782290233853
221,49.83314288492628,23.104782290233853
222,49.92679497131228,23.104782290233853
223,49.92679497131228,23.104782290233853
224,50.0167428380182,23.104782290233853
225,50.11104600760514,23.104782290233853
226,50.20716337488942,23.104782290233853
227,50.20716337488942,23.104782290233853
228,50.20716337488942,23.104782290233853
229,50.20716337488942,23.104782290233853
230,50.30175645502697,23.104782290233853
231,50.30175645502697,23.104782290233853
232,50.30175645502697,23.104782290233853
233,50.38975583389174,23.104782290233853
234,50.477616657813925,23.104782290233853
235,50.477616657813925,23.104782290233853
236,50.477616657813925,23.104782290233853
237,50.669772276315925,23.104782290233853
238,50.76283661000987,23.104782290233853
239,50.76283661000987,23.104782290233853
240,50.8566994929695,23.104782290233853
241,50.8566994929695,23.104782290233853
242,50.95048319860315,23.104782290233853
243,50.95048319860315,23.104782290233853
244,51.0358944292969,23.104782290233853
245,51.0358944292969,23.104782290233853
246,51.0358944292969,23.104782290233853
247,51.13377280215035,23.104782290233853
248,51.13377280215035,23.104782290233853
249,51.13377280215035,23.104782290233853
250,51.13377280215035,23.104782290233853
251,51.13377280215035,23.104782290233853
252,51.22822868757383,23.104782290233853
253,51.22822868757383,23.104782290233853
254,51.22822868757383,23.104782290233853
255,51.22822868757383,23.104782290233853
256,51.31981559560385,23.104782290233853
257,51.31981559560385,23.104782290233853
258,51.31981559560385,23.104782290233853
259,51.405169031254296,23.104782290233853
260,51.59729160138475,23.104782290233853
261,51.69602403022255,23.104782290233853
262,51.79329391422781,23.104782290233853
263,51.88768247227803,23.104782290233853
264,51.98200860336707,23.104782290233853
265,52.07824135250915,23.104782290233853
266,52.07824135250915,23.104782290233853
267,52.07824135250915,23.104782290233853
268,52.172516269932615,23.104782290233853
269,52.26717687979675,23.104782290233853
270,52.26717687979675,23.104782290233853
271,52.356740769333385,23.104782290233853
272,52.356740769333385,23.104782290233853
273,52.356740769333385,23.104782290233853
274,52.356740769333385,23.104782290233853
275,52.356740769333385,23.104782290233853
276,52.356740769333385,23.104782290233853
277,52.4483978621479,23.104782290233853
278,52.541407353048385,23.104782290233853
279,52.636681464709,23.104782290233853
280,52.636681464709,23.104782290233853
281,52.636681464709,23.104782290233853
282,52.636681464709,23.104782290233853
283,52.636681464709,23.104782290233853
284,52.636681464709,23.104782290233853
285,52.636681464709,23.104782290233853
286,52.636681464709,23.104782290233853
287,52.636681464709,23.104782290233853
288,52.636681464709,23.104782290233853
289,52.636681464709,23.104782290233853
290,52.732301861868066,23.104782290233853
291,52.82972526400347,23.104782290233853
292,52.82972526400347,23.104782290233853
293,52.82972526400347,23.104782290233853
294,52.82972526400347,23.104782290233853
295,52.82972526400347,23.104782290233853
296,52.82972526400347,23.104782290233853
297,52.82972526400347,23.104782290233853
298,52.82972526400347,23.104782290233853
299,52.82972526400347,23.104782290233853
300,52.82972526400347,23.104782290233853
301,52.82972526400347,23.104782290233853
302,52.82972526400347,23.104782290233853
303,52.91886235854777,23.104782290233853
304,53.01394640961297,23.104782290233853
305,53.01394640961297,23.104782290233853
306,53.01394640961297,23.104782290233853
307,53.111835894273895,23.104782290233853
308,53.111835894273895,23.104782290233853
309,53.111835894273895,23.104782290233853
310,53.111835894273895,23.104782290233853
311,53.111835894273895,23.104782290233853
312,53.111835894273895,23.104782290233853
313,53.2962888605083,23.104782290233853
314,53.39203301242556,23.104782290233853
315,53.667084451622785,23.104782290233853
316,53.667084451622785,23.104782290233853
317,53.76407214051898,23.104782290233853
318,53.86311368416815,23.104782290233853
319,53.96379318015859,23.104782290233853
320,53.96379318015859,23.104782290233853
321,54.058856505579186,23.104782290233853
322,54.15171239755282,23.104782290233853
323,54.15171239755282,23.104782290233853
324,54.24139385597728,23.104782290233853
325,54.33320560508447,23.104782290233853
326,54.33320560508447,23.104782290233853
327,54.33320560508447,23.104782290233853
328,54.33320560508447,23.104782290233853
329,54.33320560508447,23.104782290233853
330,54.33320560508447,23.104782290233853
331,54.42756274210641,23.104782290233853
332,54.52283314178186,23.104782290233853
333,54.61310319254852,23.104782290233853
334,54.61310319254852,23.104782290233853
335,54.61310319254852,23.104782290233853
336,54.70397252640728,23.104782290233853
337,54.797639037596205,23.104782290233853
338,54.797639037596205,23.104782290233853
339,54.797639037596205,23.104782290233853
340,54.797639037596205,23.104782290233853
341,54.895443943523674,23.104782290233853
342,54.895443943523674,23.104782290233853
343,54.98991765240866,23.104782290233853
344,54.98991765240866,23.104782290233853
345,55.18499249953984,23.104782290233853
346,55.18499249953984,23.104782290233853
347,55.37689881061923,23.104782290233853
348,55.56618178322179,23.104782290233853
349,55.65997428283208,23.104782290233853
350,55.65997428283208,23.104782290233853
351,55.65997428283208,23.104782290233853
352,55.65997428283208,23.104782290233853
353,55.75821969947641,23.104782290233853
354,55.85760022982669,23.104782290233853
355,55.85760022982669,23.104782290233853
356,55.85760022982669,23.104782290233853
357,56.048147733028486,23.104782290233853
358,56.048147733028486,23.104782290233853
359,56.048147733028486,23.104782290233853
360,56.048147733028486,23.104782290233853
361,56.23492122240022,23.104782290233853
362,56.327433454960634,23.104782290233853
363,56.327433454960634,23.104782290233853
364,56.327433454960634,23.104782290233853
365,56.42032420770924,23.104782290233853
366,56.51825139469778,23.104782290233853
367,56.51825139469778,23.104782290233853
368,56.51825139469778,23.104782290233853
369,56.51825139469778,23.104782290233853
370,56.51825139469778,23.104782290233853
371,56.51825139469778,23.104782290233853
372,56.610090934122056,23.104782290233853
373,56.79845892159275,23.104782290233853
374,56.89698593006757,23.104782290233853
375,56.89698593006757,23.104782290233853
376,56.89698593006757,23.104782290233853
377,56.89698593006757,23.104782290233853
378,56.89698593006757,23.104782290233853
379,56.89698593006757,23.104782290233853
380,56.89698593006757,23.104782290233853
381,56.89698593006757,23.104782290233853
382,56.89698593006757,23.104782290233853
383,56.89698593006757,23.104782290233853
384,56.89698593006757,23.104782290233853
385,56.89698593006757,23.104782290233853
386,56.89698593006757,23.104782290233853
387,56.89698593006757,23.104782290233853
388,56.89698593006757,23.104782290233853
389,56.89698593006757,23.104782290233853
390,56.89698593006757,23.104782290233853
391,56.89698593006757,23.104782290233853
392,56.98860258019886,23.104782290233853
393,57.177185051157934,23.104782290233853
394,57.26697184198254,23.104782290233853
395,57.26697184198254,23.104782290233853
396,57.35920632495332,23.104782290233853
397,57.35920632495332,23.104782290233853
398,57.35920632495332,23.104782290233853
399,57.541500438388844,23.104782290233853
400,57.541500438388844,23.104782290233853
401,57.541500438388844,23.104782290233853
402,57.541500438388844,23.104782290233853
403,57.541500438388844,23.104782290233853
404,57.63371891164157,23.104782290233853
405,57.63371891164157,23.104782290233853
406,57.63371891164157,23.104782290233853
407,57.63371891164157,23.104782290233853
408,57.63371891164157,23.104782290233853
409,57.63371891164157,23.104782290233853
410,57.63371891164157,23.104782290233853
411,57.63371891164157,23.104782290233853
412,57.63371891164157,23.104782290233853
413,57.63371891164157,23.104782290233853
414,57.729822336162385,23.104782290233853
415,57.729822336162385,23.104782290233853
416,57.82159193920718,23.104782290233853
417,57.916192955141376,23.104782290233853
418,57.916192955141376,23.104782290233853
419,58.01243087873945,23.104782290233853
420,58.01243087873945,23.104782290233853
421,58.01243087873945,23.104782290233853
422,58.01243087873945,23.104782290233853
423,58.01243087873945,23.104782290233853
424,58.01243087873945,23.104782290233853
425,58.01243087873945,23.104782290233853
426,58.01243087873945,23.104782290233853
427,58.01243087873945,23.104782290233853
428,58.01243087873945,23.104782290233853
429,58.01243087873945,23.104782290233853
430,58.01243087873945,23.104782290233853
431,58.01243087873945,23.104782290233853
432,58.01243087873945,23.104782290233853
433,58.10618647492332,23.104782290233853
434,58.10618647492332,23.104782290233853
435,58.10618647492332,23.104782290233853
436,58.10618647492332,23.104782290233853
437,58.10618647492332,23.104782290233853
438,58.10618647492332,23.104782290233853
439,58.10618647492332,23.104782290233853
440,58.10618647492332,23.104782290233853
441,58.10618647492332,23.104782290233853
442,58.19458114245746,23.104782290233853
443,58.19458114245746,23.104782290233853
444,58.19458114245746,23.104782290233853
445,58.19458114245746,23.104782290233853
446,58.19458114245746,23.104782290233853
447,58.19458114245746,23.104782290233853
448,58.19458114245746,23.104782290233853
449,58.19458114245746,23.104782290233853
450,58.19458114245746,23.104782290233853
451,58.284320981552426,23.104782290233853
452,58.284320981552426,23.104782290233853
453,58.284320981552426,23.104782290233853
454,58.284320981552426,23.104782290233853
455,58.284320981552426,23.104782290233853
456,58.37968496170265,23.104782290233853
457,58.37968496170265,23.104782290233853
458,58.37968496170265,23.104782290233853
459,58.37968496170265,23.104782290233853
460,58.470917588831455,23.104782290233853
461,58.561391953553105,23.104782290233853
462,58.561391953553105,23.104782290233853
463,58.561391953553105,23.104782290233853
464,58.561391953553105,23.104782290233853
465,58.64960331222873,23.104782290233853
466,58.64960331222873,23.104782290233853
467,58.64960331222873,23.104782290233853
468,58.64960331222873,23.104782290233853
469,58.64960331222873,23.104782290233853
470,58.740192432888456,23.104782290233853
471,58.834637974773784,23.104782290233853
472,58.834637974773784,23.104782290233853
473,58.834637974773784,23.104782290233853
474,58.933062144457416,23.104782290233853
475,59.1184096557451,23.104782290233853
476,59.30325846179395,23.104782290233853
477,59.396833972913996,23.104782290233853
478,59.48012212039773,23.104782290233853
479,59.66111228327819,23.104782290233853
480,59.66111228327819,23.104782290233853
481,59.75514050837872,23.104782290233853
482,59.84802193348604,23.104782290233853
483,60.0320493727688,23.104782290233853
484,60.0320493727688,23.104782290233853
485,60.0320493727688,23.104782290233853
486,60.131941251557734,23.104782290233853
487,60.131941251557734,23.104782290233853
488,60.22783447342783,23.104782290233853
489,60.22783447342783,23.104782290233853
490,60.41937219143383,23.104782290233853
491,60.41937219143383,23.104782290233853
492,60.51698836112746,23.104782290233853
493,60.51698836112746,23.104782290233853
494,60.51698836112746,23.104782290233853
495,60.51698836112746,23.104782290233853
496,60.51698836112746,23.104782290233853
497,60.51698836112746,23.104782290233853
498,60.51698836112746,23.104782290233853
499,60.61210683903623,23.104782290233853
500,60.80737210813653,23.104782290233853
501,60.90324339308207,23.104782290233853
502,61.00194281991844,23.104782290233853
503,61.00194281991844,23.104782290233853
504,61.096815752860245,23.104782290233853
505,61.19680010475717,23.104782290233853
506,61.19680010475717,23.104782290233853
507,61.19680010475717,23.104782290233853
508,61.28766239892716,23.104782290233853
509,61.28766239892716,23.104782290233853
510,61.28766239892716,23.104782290233853
511,61.28766239892716,23.104782290233853
512,61.38361721560212,23.104782290233853
513,61.57259000258124,23.104782290233853
514,61.66558904513039,23.104782290233853
515,61.66558904513039,23.104782290233853
516,61.66558904513039,23.104782290233853
517,61.66558904513039,23.104782290233853
518,61.66558904513039,23.104782290233853
519,61.66558904513039,23.104782290233853
520,61.66558904513039,23.104782290233853
521,61.66558904513039,23.104782290233853
522,61.66558904513039,23.104782290233853
523,61.66558904513039,23.104782290233853
524,61.66558904513039,23.104782290233853
525,61.66558904513039,23.104782290233853
526,61.66558904513039,23.104782290233853
527,61.66558904513039,23.104782290233853
528,61.66558904513039,23.104782290233853
529,61.66558904513039,23.104782290233853
530,61.66558904513039,23.104782290233853
531,61.66558904513039,23.104782290233853
532,61.860599711007794,23.104782290233853
533,62.049429014742756,23.104782290233853
534,62.049429014742756,23.104782290233853
535,62.14479124223469,23.104782290233853
536,62.23906146033689,23.104782290233853
537,62.23906146033689,23.104782290233853
538,62.33693854267092,23.104782290233853
539,62.33693854267092,23.104782290233853
540,62.33693854267092,23.104782290233853
541,62.33693854267092,23.104782290233853
542,62.33693854267092,23.104782290233853
543,62.33693854267092,23.104782290233853
544,62.33693854267092,23.104782290233853
545,62.33693854267092,23.104782290233853
546,62.428830033777714,23.104782290233853
547,62.428830033777714,23.104782290233853
548,62.428830033777714,23.104782290233853
549,62.428830033777714,23.104782290233853
550,62.428830033777714,23.104782290233853
551,62.428830033777714,23.104782290233853
552,62.613816048763354,23.104782290233853
553,62.71413288180757,23.104782290233853
554,62.810132500641416,23.104782290233853
555,62.810132500641416,23.104782290233853
556,62.90716724848611,23.104782290233853
557,62.90716724848611,23.104782290233853
558,62.90716724848611,23.104782290233853
559,62.90716724848611,23.104782290233853
560,62.90716724848611,23.104782290233853
561,62.90716724848611,23.104782290233853
562,62.90716724848611,23.104782290233853
563,62.90716724848611,23.104782290233853
564,62.90716724848611,23.104782290233853
565,62.90716724848611,23.104782290233853
566,62.90716724848611,23.104782290233853
567,62.90716724848611,23.104782290233853
568,62.99956750700072,23.104782290233853
569,62.99956750700072,23.104782290233853
570,63.09093748554422,23.104782290233853
571,63.09093748554422,23.104782290233853
572,63.17999437880444,23.104782290233853
573,63.27474449998071,23.104782290233853
574,63.27474449998071,23.104782290233853
575,63.27474449998071,23.104782290233853
576,63.27474449998071,23.104782290233853
577,63.27474449998071,23.104782290233853
578,63.27474449998071,23.104782290233853
579,63.45264876800925,23.104782290233853
580,63.45264876800925,23.104782290233853
581,63.723691605465284,23.104782290233853
582,63.82028681334411,23.104782290233853
583,63.91963444393834,23.104782290233853
584,63.91963444393834,23.104782290233853
585,64.01885708458134,23.104782290233853
586,64.01885708458134,23.104782290233853
587,64.01885708458134,23.104782290233853
588,64.01885708458134,23.104782290233853
589,64.01885708458134,23.104782290233853
590,64.01885708458134,23.104782290233853
591,64.01885708458134,23.104782290233853
592,64.01885708458134,23.104782290233853
593,64.01885708458134,23.104782290233853
594,64.01885708458134,23.104782290233853
595,64.01885708458134,23.104782290233853
596,64.01885708458134,23.104782290233853
597,64.01885708458134,23.104782290233853
598,64.01885708458134,23.104782290233853
599,64.01885708458134,23.104782290233853
600,64.01885708458134,23.104782290233853
601,64.01885708458134,23.104782290233853
602,64.01885708458134,23.104782290233853
603,64.1085162975403,23.104782290233853
604,64.30221492153487,23.104782290233853
605,64.30221492153487,23.104782290233853
606,64.4858677602268,23.104782290233853
607,64.67243466994194,23.104782290233853
608,64.67243466994194,23.104782290233853
609,64.67243466994194,23.104782290233853
610,64.67243466994194,23.104782290233853
611,64.67243466994194,23.104782290233853
612,64.76647808623164,23.104782290233853
613,64.85949331260055,23.104782290233853
614,64.95062852849244,23.104782290233853
615,65.04398200561562,23.104782290233853
616,65.14515577091171,23.104782290233853
617,65.23352948447112,23.104782290233853
618,65.41497270413333,23.104782290233853
619,65.50995008946637,23.104782290233853
620,65.50995008946637,23.104782290233853
621,65.60958210252417,23.104782290233853
622,65.70545734549576,23.104782290233853
623,65.80232255839942,23.104782290233853
624,65.80232255839942,23.104782290233853
625,65.80232255839942,23.104782290233853
626,65.80232255839942,23.104782290233853
627,65.80232255839942,23.104782290233853
628,65.80232255839942,23.104782290233853
629,65.80232255839942,23.104782290233853
630,65.80232255839942,23.104782290233853
631,65.80232255839942,23.104782290233853
632,65.80232255839942,23.104782290233853
633,65.80232255839942,23.104782290233853
634,65.80232255839942,23.104782290233853
635,65.80232255839942,23.104782290233853
636,65.80232255839942,23.104782290233853
637,65.80232255839942,23.104782290233853
638,65.80232255839942,23.104782290233853
639,65.80232255839942,23.104782290233853
640,65.80232255839942,23.104782290233853
641,65.80232255839942,23.104782290233853
642,65.80232255839942,23.104782290233853
643,65.80232255839942,23.104782290233853
644,65.80232255839942,23.104782290233853
645,65.80232255839942,23.104782290233853
646,65.80232255839942,23.104782290233853
647,65.80232255839942,23.104782290233853
648,65.80232255839942,23.104782290233853
649,65.89447783622923,23.104782290233853
650,65.89447783622923,23.104782290233853
651,65.89447783622923,23.104782290233853
652,65.89447783622923,23.104782290233853
653,65.89447783622923,23.104782290233853
654,65.89447783622923,23.104782290233853
655,65.89447783622923,23.104782290233853
656,65.89447783622923,23.104782290233853
657,65.89447783622923,23.104782290233853
658,65.89447783622923,23.104782290233853
659,65.89447783622923,23.104782290233853
660,65.89447783622923,23.104782290233853
661,65.89447783622923,23.104782290233853
662,65.89447783622923,23.104782290233853
663,65.89447783622923,23.104782290233853
664,65.89447783622923,23.104782290233853
665,65.98247970080868,23.104782290233853
666,65.98247970080868,23.104782290233853
667,65.98247970080868,23.104782290233853
668,65.98247970080868,23.104782290233853
669,65.98247970080868,23.104782290233853
670,65.98247970080868,23.104782290233853
671,65.98247970080868,23.104782290233853
672,65.98247970080868,23.104782290233853
673,65.98247970080868,23.104782290233853
674,65.98247970080868,23.104782290233853
675,65.98247970080868,23.104782290233853
676,65.98247970080868,23.104782290233853
677,66.07666173671942,23.104782290233853
678,66.1703569470361,23.104782290233853
679,66.26757529775492,23.104782290233853
680,66.26757529775492,23.104782290233853
681,66.26757529775492,23.104782290233853
682,66.26757529775492,23.104782290233853
683,66.26757529775492,23.104782290233853
684,66.26757529775492,23.104782290233853
685,66.26757529775492,23.104782290233853
686,66.26757529775492,23.104782290233853
687,66.26757529775492,23.104782290233853
688,66.26757529775492,23.104782290233853
689,66.26757529775492,23.104782290233853
690,66.36101542901712,23.104782290233853
691,66.36101542901712,23.104782290233853
692,66.36101542901712,23.104782290233853
693,66.45221805913404,23.104782290233853
694,66.45221805913404,23.104782290233853
695,66.45221805913404,23.104782290233853
696,66.45221805913404,23.104782290233853
697,66.45221805913404,23.104782290233853
698,66.45221805913404,23.104782290233853
699,66.54158720851093,23.104782290233853
700,66.54158720851093,23.104782290233853
701,66.54158720851093,23.104782290233853
702,66.54158720851093,23.104782290233853
703,66.54158720851093,23.104782290233853
704,66.54158720851093,23.104782290233853
705,66.54158720851093,23.104782290233853
706,66.63975259458394,23.104782290233853
707,66.63975259458394,23.104782290233853
708,66.73263492487368,23.104782290233853
709,66.73263492487368,23.104782290233853
710,66.73263492487368,23.104782290233853
711,66.73263492487368,23.104782290233853
712,66.73263492487368,23.104782290233853
713,66.73263492487368,23.104782290233853
714,66.73263492487368,23.104782290233853
715,66.73263492487368,23.104782290233853
716,66.73263492487368,23.104782290233853
717,66.73263492487368,23.104782290233853
718,66.73263492487368,23.104782290233853
719,66.73263492487368,23.104782290233853
720,66.73263492487368,23.104782290233853
721,66.73263492487368,23.104782290233853
722,66.73263492487368,23.104782290233853
723,66.73263492487368,23.104782290233853
724,66.73263492487368,23.104782290233853
725,66.73263492487368,23.104782290233853
726,66.73263492487368,23.104782290233853
727,66.73263492487368,23.104782290233853
728,66.73263492487368,23.104782290233853
729,66.73263492487368,23.104782290233853
730,66.73263492487368,23.104782290233853
731,66.73263492487368,23.104782290233853
732,66.73263492487368,23.104782290233853
733,66.73263492487368,23.104782290233853
734,66.73263492487368,23.104782290233853
735,66.73263492487368,23.104782290233853
736,66.73263492487368,23.104782290233853
737,66.73263492487368,23.104782290233853
738,66.73263492487368,23.104782290233853
739,66.73263492487368,23.104782290233853
740,66.73263492487368,23.104782290233853
741,66.73263492487368,23.104782290233853
742,66.73263492487368,23.104782290233853
743,66.73263492487368,23.104782290233853
744,66.73263492487368,23.104782290233853
745,66.73263492487368,23.104782290233853
746,66.73263492487368,23.104782290233853
747,66.82124376824505,23.104782290233853
748,66.9073074392447,23.104782290233853
749,66.9073074392447,23.104782290233853
750,66.9073074392447,23.104782290233853
751,66.9073074392447,23.104782290233853
752,66.9073074392447,23.104782290233853
753,66.9073074392447,23.104782290233853
754,66.9073074392447,23.104782290233853
755,66.9073074392447,23.104782290233853
756,66.9073074392447,23.104782290233853
757,66.9073074392447,23.104782290233853
758,66.9073074392447,23.104782290233853
759,66.9073074392447,23.104782290233853
760,66.9073074392447,23.104782290233853
761,66.9073074392447,23.104782290233853
762,66.9073074392447,23.104782290233853
763,66.9073074392447,23.104782290233853
764,66.9073074392447,23.104782290233853
765,66.9073074392447,23.104782290233853
766,66.9073074392447,23.104782290233853
767,66.9073074392447,23.104782290233853
768,66.9073074392447,23.104782290233853
769,66.9073074392447,23.104782290233853
770,66.9073074392447,23.104782290233853
771,66.9073074392447,23.104782290233853
772,66.9073074392447,23.104782290233853
773,66.9073074392447,23.104782290233853
774,66.9073074392447,23.104782290233853
775,66.9073074392447,23.104782290233853
776,66.9073074392447,23.104782290233853
777,66.9073074392447,23.104782290233853
778,66.9073074392447,23.104782290233853
779,66.9073074392447,23.104782290233853
780,66.9073074392447,23.104782290233853
781,66.9073074392447,23.104782290233853
782,66.9073074392447,23.104782290233853
783,66.9073074392447,23.104782290233853
784,66.9073074392447,23.104782290233853
785,66.9073074392447,23.104782290233853
786,66.9073074392447,23.104782290233853
787,66.9073074392447,23.104782290233853
788,66.9073074392447,23.104782290233853
789,66.9073074392447,23.104782290233853
790,66.9073074392447,23.104782290233853
791,66.9073074392447,23.104782290233853
792,66.9073074392447,23.104782290233853
793,66.9073074392447,23.104782290233853
794,66.9073074392447,23.104782290233853
795,66.9073074392447,23.104782290233853
796,66.9073074392447,23.104782290233853
797,66.9073074392447,23.104782290233853
798,66.9073074392447,23.104782290233853
799,66.9073074392447,23.104782290233853
800,66.9073074392447,23.104782290233853
801,66.9073074392447,23.104782290233853
802,66.9073074392447,23.104782290233853
803,66.9073074392447,23.104782290233853
804,66.9073074392447,23.104782290233853
805,66.9073074392447,23.104782290233853
806,66.9073074392447,23.104782290233853
807,66.9073074392447,23.104782290233853
808,66.9073074392447,23.104782290233853
809,66.9073074392447,23.104782290233853
810,66.9073074392447,23.104782290233853
811,66.9073074392447,23.104782290233853
812,66.9073074392447,23.104782290233853
813,66.9073074392447,23.104782290233853
814,66.9073074392447,23.104782290233853
815,66.9073074392447,23.104782290233853
816,66.9073074392447,23.104782290233853
817,66.9073074392447,23.104782290233853
818,66.9073074392447,23.104782290233853
819,66.9073074392447,23.104782290233853
820,66.9073074392447,23.104782290233853
821,66.9073074392447,23.104782290233853
822,66.9073074392447,23.104782290233853
823,66.9073074392447,23.104782290233853
824,66.9073074392447,23.104782290233853
825,66.9073074392447,23.104782290233853
826,66.99382626791466,23.104782290233853
827,66.99382626791466,23.104782290233853
828,66.99382626791466,23.104782290233853
829,66.99382626791466,23.104782290233853
830,66.99382626791466,23.104782290233853
831,66.99382626791466,23.104782290233853
832,66.99382626791466,23.104782290233853
833,66.99382626791466,23.104782290233853
834,66.99382626791466,23.104782290233853
835,66.99382626791466,23.104782290233853
836,66.99382626791466,23.104782290233853
837,66.99382626791466,23.104782290233853
838,66.99382626791466,23.104782290233853
839,66.99382626791466,23.104782290233853
840,66.99382626791466,23.104782290233853
841,66.99382626791466,23.104782290233853
842,66.99382626791466,23.104782290233853
843,66.99382626791466,23.104782290233853
844,66.99382626791466,23.104782290233853
845,66.99382626791466,23.104782290233853
846,66.99382626791466,23.104782290233853
847,66.99382626791466,23.104782290233853
848,66.99382626791466,23.104782290233853
849,66.99382626791466,23.104782290233853
850,66.99382626791466,23.104782290233853
851,66.99382626791466,23.104782290233853
852,66.99382626791466,23.104782290233853
853,66.99382626791466,23.104782290233853
854,66.99382626791466,23.104782290233853
855,66.99382626791466,23.104782290233853
856,66.99382626791466,23.104782290233853
857,66.99382626791466,23.104782290233853
858,66.99382626791466,23.104782290233853
859,66.99382626791466,23.104782290233853
860,66.99382626791466,23.104782290233853
861,66.99382626791466,23.104782290233853
862,66.99382626791466,23.104782290233853
863,66.99382626791466,23.104782290233853
864,66.99382626791466,23.104782290233853
865,66.99382626791466,23.104782290233853
866,66.99382626791466,23.104782290233853
867,67.08263008277358,23.104782290233853
868,67.18156518863532,23.104782290233853
869,67.27452659204849,23.104782290233853
870,67.36950890127228,23.104782290233853
871,67.46305526744841,23.104782290233853
872,67.5541039893874,23.104782290233853
873,67.64615429393174,23.104782290233853
874,67.64615429393174,23.104782290233853
875,67.64615429393174,23.104782290233853
876,67.73697799207095,23.104782290233853
877,67.73697799207095,23.104782290233853
878,67.73697799207095,23.104782290233853
879,67.8296097702648,23.104782290233853
880,67.92707129819719,23.104782290233853
881,67.92707129819719,23.104782290233853
882,67.92707129819719,23.104782290233853
883,67.92707129819719,23.104782290233853
884,68.01659818737608,23.104782290233853
885,68.20866661972838,23.104782290233853
886,68.30523775614174,23.104782290233853
887,68.40194292398145,23.104782290233853
888,68.40194292398145,23.104782290233853
889,68.40194292398145,23.104782290233853
890,68.50046754605253,23.104782290233853
891,68.60179956474761,23.104782290233853
892,68.60179956474761,23.104782290233853
893,68.60179956474761,23.104782290233853
894,68.69244301346575,23.104782290233853
895,68.69244301346575,23.104782290233853
896,68.78676954535473,23.104782290233853
897,68.78676954535473,23.104782290233853
898,68.87691808851035,23.104782290233853
899,68.87691808851035,23.104782290233853
900,68.87691808851035,23.104782290233853
901,68.97046931469637,23.104782290233853
902,68.97046931469637,23.104782290233853
903,68.97046931469637,23.104782290233853
904,69.15763018467102,23.104782290233853
905,69.25075339478931,23.104782290233853
906,69.25075339478931,23.104782290233853
907,69.25075339478931,23.104782290233853
908,69.25075339478931,23.104782290233853
909,69.25075339478931,23.104782290233853
910,69.25075339478931,23.104782290233853
911,69.25075339478931,23.104782290233853
912,69.25075339478931,23.104782290233853
913,69.25075339478931,23.104782290233853
914,69.25075339478931,23.104782290233853
915,69.25075339478931,23.104782290233853
916,69.25075339478931,23.104782290233853
917,69.25075339478931,23.104782290233853
918,69.25075339478931,23.104782290233853
919,69.34243523241186,23.104782290233853
920,69.34243523241186,23.104782290233853
921,69.34243523241186,23.104782290233853
922,69.34243523241186,23.104782290233853
923,69.34243523241186,23.104782290233853
924,69.34243523241186,23.104782290233853
925,69.34243523241186,23.104782290233853
926,69.34243523241186,23.104782290233853
927,69.34243523241186,23.104782290233853
928,69.34243523241186,23.104782290233853
929,69.34243523241186,23.104782290233853
930,69.34243523241186,23.104782290233853
931,69.34243523241186,23.104782290233853
932,69.34243523241186,23.104782290233853
933,69.34243523241186,23.104782290233853
934,69.34243523241186,23.104782290233853
935,69.34243523241186,23.104782290233853
936,69.34243523241186,23.104782290233853
937,69.34243523241186,23.104782290233853
938,69.34243523241186,23.104782290233853
939,69.34243523241186,23.104782290233853
940,69.34243523241186,23.104782290233853
941,69.34243523241186,23.104782290233853
942,69.34243523241186,23.104782290233853
943,69.34243523241186,23.104782290233853
944,69.34243523241186,23.104782290233853
945,69.34243523241186,23.104782290233853
946,69.34243523241186,23.104782290233853
947,69.34243523241186,23.104782290233853
948,69.34243523241186,23.104782290233853
949,69.34243523241186,23.104782290233853
950,69.34243523241186,23.104782290233853
951,69.34243523241186,23.104782290233853
952,69.34243523241186,23.104782290233853
953,69.4267481331556,23.104782290233853
954,69.4267481331556,23.104782290233853
955,69.4267481331556,23.104782290233853
956,69.4267481331556,23.104782290233853
957,69.4267481331556,23.104782290233853
958,69.4267481331556,23.104782290233853
959,69.4267481331556,23.104782290233853
960,69.4267481331556,23.104782290233853
961,69.4267481331556,23.104782290233853
962,69.4267481331556,23.104782290233853
963,69.4267481331556,23.104782290233853
964,69.4267481331556,23.104782290233853
965,69.4267481331556,23.104782290233853
966,69.4267481331556,23.104782290233853
967,69.51972760790726,23.104782290233853
968,69.51972760790726,23.104782290233853
969,69.51972760790726,23.104782290233853
970,69.51972760790726,23.104782290233853
971,69.51972760790726,23.104782290233853
972,69.51972760790726,23.104782290233853
973,69.51972760790726,23.104782290233853
974,69.51972760790726,23.104782290233853
975,69.51972760790726,23.104782290233853
976,69.51972760790726,23.104782290233853
977,69.51972760790726,23.104782290233853
978,69.51972760790726,23.104782290233853
979,69.51972760790726,23.104782290233853
980,69.51972760790726,23.104782290233853
981,69.51972760790726,23.104782290233853
982,69.51972760790726,23.104782290233853
983,69.51972760790726,23.104782290233853
984,69.51972760790726,23.104782290233853
985,69.51972760790726,23.104782290233853
986,69.51972760790726,23.104782290233853
987,69.60709167103226,23.104782290233853
988,69.60709167103226,23.104782290233853
989,69.60709167103226,23.104782290233853
990,69.60709167103226,23.104782290233853
991,69.60709167103226,23.104782290233853
992,69.60709167103226,23.104782290233853
993,69.60709167103226,23.104782290233853
994,69.60709167103226,23.104782290233853
995,69.60709167103226,23.104782290233853
996,69.60709167103226,23.104782290233853
997,69.60709167103226,23.104782290233853
998,69.60709167103226,23.104782290233853
999,69.60709167103226,23.104782290233853
1000,69.60709167103226,23.104782290233853
1001,69.60709167103226,23.104782290233853
1002,69.60709167103226,23.104782290233853
1003,69.60709167103226,23.104782290233853
1004,69.60709167103226,23.104782290233853
1005,69.60709167103226,23.104782290233853
1006,69.60709167103226,23.104782290233853
1007,69.60709167103226,23.104782290233853
1008,69.60709167103226,23.104782290233853
1009,69.60709167103226,23.104782290233853
1010,69.60709167103226,23.104782290233853
1011,69.60709167103226,23.104782290233853
1012,69.60709167103226,23.104782290233853
1013,69.60709167103226,23.104782290233853
1014,69.60709167103226,23.104782290233853
1015,69.60709167103226,23.104782290233853
1016,69.60709167103226,23.104782290233853
1017,69.60709167103226,23.104782290233853
1018,69.60709167103226,23.104782290233853
1019,69.60709167103226,23.104782290233853
1020,69.60709167103226,23.104782290233853
1021,69.60709167103226,23.104782290233853
1022,69.60709167103226,23.104782290233853
1023,69.60709167103226,23.104782290233853
1024,69.60709167103226,23.104782290233853
1025,69.60709167103226,23.104782290233853
1026,69.60709167103226,23.104782290233853
1027,69.60709167103226,23.104782290233853
1028,69.60709167103226,23.104782290233853
1029,69.60709167103226,23.104782290233853
1030,69.60709167103226,23.104782290233853
1031,69.60709167103226,23.104782290233853
1032,69.60709167103226,23.104782290233853
1033,69.60709167103226,23.104782290233853
1034,69.60709167103226,23.104782290233853
1035,69.60709167103226,23.104782290233853
1036,69.60709167103226,23.104782290233853
1037,69.60709167103226,23.104782290233853
1038,69.60709167103226,23.104782290233853
1039,69.60709167103226,23.104782290233853
1040,69.60709167103226,23.104782290233853
1041,69.60709167103226,23.104782290233853
1042,69.60709167103226,23.104782290233853
1043,69.60709167103226,23.104782290233853
1044,69.60709167103226,23.104782290233853
1045,69.60709167103226,23.104782290233853
1046,69.60709167103226,23.104782290233853
1047,69.60709167103226,23.104782290233853
1048,69.60709167103226,23.104782290233853
1049,69.60709167103226,23.104782290233853
1050,69.60709167103226,23.104782290233853
1051,69.60709167103226,23.104782290233853
1052,69.60709167103226,23.104782290233853
1053,69.60709167103226,23.104782290233853
1054,69.60709167103226,23.104782290233853
1055,69.60709167103226,23.104782290233853
1056,69.60709167103226,23.104782290233853
1057,69.60709167103226,23.104782290233853
1058,69.60709167103226,23.104782290233853
1059,69.60709167103226,23.104782290233853
1060,69.60709167103226,23.104782290233853
1061,69.60709167103226,23.104782290233853
1062,69.60709167103226,23.104782290233853
1063,69.60709167103226,23.104782290233853
1064,69.60709167103226,23.104782290233853
1065,69.60709167103226,23.104782290233853
1066,69.60709167103226,23.104782290233853
1067,69.60709167103226,23.104782290233853
1068,69.60709167103226,23.104782290233853
1069,69.60709167103226,23.104782290233853
1070,69.60709167103226,23.104782290233853
1071,69.60709167103226,23.104782290233853
1072,69.60709167103226,23.104782290233853
1073,69.60709167103226,23.104782290233853
1074,69.60709167103226,23.104782290233853
1075,69.60709167103226,23.104782290233853
1076,69.60709167103226,23.104782290233853
1077,69.60709167103226,23.104782290233853
1078,69.60709167103226,23.104782290233853
1079,69.60709167103226,23.104782290233853
1080,69.60709167103226,23.104782290233853
1081,69.60709167103226,23.104782290233853
1082,69.60709167103226,23.104782290233853
1083,69.69633056147991,23.104782290233853
1084,69.69633056147991,23.104782290233853
1085,69.69633056147991,23.104782290233853
1086,69.69633056147991,23.104782290233853
1087,69.69633056147991,23.104782290233853
1088,69.69633056147991,23.104782290233853
1089,69.69633056147991,23.104782290233853
1090,69.69633056147991,23.104782290233853
1091,69.69633056147991,23.104782290233853
1092,69.69633056147991,23.104782290233853
1093,69.69633056147991,23.104782290233853
1094,69.69633056147991,23.104782290233853
1095,69.69633056147991,23.104782290233853
1096,69.69633056147991,23.104782290233853
1097,69.69633056147991,23.104782290233853
1098,69.69633056147991,23.104782290233853
1099,69.69633056147991,23.104782290233853
1100,69.69633056147991,23.104782290233853
1101,69.69633056147991,23.104782290233853
1102,69.69633056147991,23.104782290233853
1103,69.69633056147991,23.104782290233853
1104,69.78281377448579,23.104782290233853
1105,69.78281377448579,23.104782290233853
1106,69.78281377448579,23.104782290233853
1107,69.78281377448579,23.104782290233853
1108,69.78281377448579,23.104782290233853
1109,69.78281377448579,23.104782290233853
1110,69.78281377448579,23.104782290233853
1111,69.78281377448579,23.104782290233853
1112,69.78281377448579,23.104782290233853
1113,69.78281377448579,23.104782290233853
1114,69.8806664975045,23.104782290233853
1115,69.8806664975045,23.104782290233853
1116,69.8806664975045,23.104782290233853
1117,69.8806664975045,23.104782290233853
1118,69.8806664975045,23.104782290233853
1119,69.97289984609522,23.104782290233853
1120,69.97289984609522,23.104782290233853
1121,69.97289984609522,23.104782290233853
1122,69.97289984609522,23.104782290233853
1123,69.97289984609522,23.104782290233853
1124,69.97289984609522,23.104782290233853
1125,69.97289984609522,23.104782290233853
1126,69.97289984609522,23.104782290233853
1127,69.97289984609522,23.104782290233853
1128,69.97289984609522,23.104782290233853
1129,69.97289984609522,23.104782290233853
1130,69.97289984609522,23.104782290233853
1131,69.97289984609522,23.104782290233853
1132,69.97289984609522,23.104782290233853
1133,69.97289984609522,23.104782290233853
1134,69.97289984609522,23.104782290233853
1135,69.97289984609522,23.104782290233853
1136,69.97289984609522,23.104782290233853
1137,69.97289984609522,23.104782290233853
1138,69.97289984609522,23.104782290233853
1139,69.97289984609522,23.104782290233853
1140,69.97289984609522,23.104782290233853
1141,69.97289984609522,23.104782290233853
1142,70.15102552841958,23.104782290233853
1143,70.15102552841958,23.104782290233853
1144,70.15102552841958,23.104782290233853
1145,70.15102552841958,23.104782290233853
1146,70.15102552841958,23.104782290233853
1147,70.15102552841958,23.104782290233853
1148,70.15102552841958,23.104782290233853
1149,70.15102552841958,23.104782290233853
1150,70.23888616425776,23.104782290233853
1151,70.23888616425776,23.104782290233853
1152,70.42766394195813,23.104782290233853
1153,70.6157184048316,23.104782290233853
1154,70.6157184048316,23.104782290233853
1155,70.6157184048316,23.104782290233853
1156,70.6157184048316,23.104782290233853
1157,70.6157184048316,23.104782290233853
1158,70.6157184048316,23.104782290233853
1159,70.6157184048316,23.104782290233853
1160,70.6157184048316,23.104782290233853
1161,70.6157184048316,23.104782290233853
1162,70.71142118885352,23.104782290233853
1163,70.71142118885352,23.104782290233853
1164,70.80546576588158,23.104782290233853
1165,70.80546576588158,23.104782290233853
1166,70.80546576588158,23.104782290233853
1167,70.80546576588158,23.104782290233853
1168,70.80546576588158,23.104782290233853
1169,70.80546576588158,23.104782290233853
1170,70.80546576588158,23.104782290233853
1171,70.80546576588158,23.104782290233853
1172,70.80546576588158,23.104782290233853
1173,70.80546576588158,23.104782290233853
1174,70.80546576588158,23.104782290233853
1175,70.80546576588158,23.104782290233853
1176,70.80546576588158,23.104782290233853
1177,70.80546576588158,23.104782290233853
1178,70.80546576588158,23.104782290233853
1179,70.80546576588158,23.104782290233853
1180,70.80546576588158,23.104782290233853
1181,70.80546576588158,23.104782290233853
1182,70.80546576588158,23.104782290233853
1183,70.80546576588158,23.104782290233853
1184,70.80546576588158,23.104782290233853
1185,70.80546576588158,23.104782290233853
1186,70.80546576588158,23.104782290233853
1187,70.8947925433434,23.104782290233853
1188,70.8947925433434,23.104782290233853
1189,70.8947925433434,23.104782290233853
1190,70.8947925433434,23.104782290233853
1191,70.8947925433434,23.104782290233853
1192,70.8947925433434,23.104782290233853
1193,70.8947925433434,23.104782290233853
1194,70.8947925433434,23.104782290233853
1195,70.8947925433434,23.104782290233853
1196,70.8947925433434,23.104782290233853
1197,70.8947925433434,23.104782290233853
1198,70.8947925433434,23.104782290233853
1199,70.8947925433434,23.104782290233853
1200,70.8947925433434,23.104782290233853
1201,70.8947925433434,23.104782290233853
1202,70.8947925433434,23.104782290233853
1203,70.8947925433434,23.104782290233853
1204,70.8947925433434,23.104782290233853
1205,70.8947925433434,23.104782290233853
1206,70.8947925433434,23.104782290233853
1207,70.8947925433434,23.104782290233853
1208,70.8947925433434,23.104782290233853
1209,70.8947925433434,23.104782290233853
1210,70.8947925433434,23.104782290233853
1211,70.8947925433434,23.104782290233853
1212,70.8947925433434,23.104782290233853
1213,70.8947925433434,23.104782290233853
1214,70.8947925433434,23.104782290233853
1215,70.8947925433434,23.104782290233853
1216,70.98297813522869,23.104782290233853
1217,70.98297813522869,23.104782290233853
1218,71.07032030264698,23.104782290233853
1219,71.07032030264698,23.104782290233853
1220,71.07032030264698,23.104782290233853
1221,71.07032030264698,23.104782290233853
1222,71.07032030264698,23.104782290233853
1223,71.07032030264698,23.104782290233853
1224,71.07032030264698,23.104782290233853
1225,71.07032030264698,23.104782290233853
1226,71.07032030264698,23.104782290233853
1227,71.07032030264698,23.104782290233853
1228,71.07032030264698,23.104782290233853
1229,71.07032030264698,23.104782290233853
1230,71.07032030264698,23.104782290233853
1231,71.07032030264698,23.104782290233853
1232,71.07032030264698,23.104782290233853
1233,71.07032030264698,23.104782290233853
1234,71.07032030264698,23.104782290233853
1235,71.07032030264698,23.104782290233853
1236,71.07032030264698,23.104782290233853
1237,71.07032030264698,23.104782290233853
1238,71.07032030264698,23.104782290233853
1239,71.07032030264698,23.104782290233853
1240,71.07032030264698,23.104782290233853
1241,71.07032030264698,23.104782290233853
1242,71.07032030264698,23.104782290233853
1243,71.07032030264698,23.104782290233853
1244,71.07032030264698,23.104782290233853
1245,71.07032030264698,23.104782290233853
1246,71.07032030264698,23.104782290233853
1247,71.07032030264698,23.104782290233853
1248,71.07032030264698,23.104782290233853
1249,71.07032030264698,23.104782290233853
1250,71.07032030264698,23.104782290233853
1251,71.07032030264698,23.104782290233853
1252,71.07032030264698,23.104782290233853
1253,71.07032030264698,23.104782290233853
1254,71.07032030264698,23.104782290233853
1255,71.07032030264698,23.104782290233853
1256,71.07032030264698,23.104782290233853
1257,71.07032030264698,23.104782290233853
1258,71.07032030264698,23.104782290233853
1259,71.07032030264698,23.104782290233853
1260,71.07032030264698,23.104782290233853
1261,71.07032030264698,23.104782290233853
1262,71.07032030264698,23.104782290233853
1263,71.07032030264698,23.104782290233853
1264,71.07032030264698,23.104782290233853
1265,71.07032030264698,23.104782290233853
1266,71.07032030264698,23.104782290233853
1267,71.07032030264698,23.104782290233853
1268,71.16540276538811,23.104782290233853
1269,71.16540276538811,23.104782290233853
1270,71.16540276538811,23.104782290233853
1271,71.16540276538811,23.104782290233853
1272,71.16540276538811,23.104782290233853
1273,71.16540276538811,23.104782290233853
1274,71.16540276538811,23.104782290233853
1275,71.16540276538811,23.104782290233853
1276,71.16540276538811,23.104782290233853
1277,71.16540276538811,23.104782290233853
1278,71.16540276538811,23.104782290233853
1279,71.16540276538811,23.104782290233853
1280,71.16540276538811,23.104782290233853
1281,71.16540276538811,23.104782290233853
1282,71.16540276538811,23.104782290233853
1283,71.16540276538811,23.104782290233853
1284,71.25528655661846,23.104782290233853
1285,71.25528655661846,23.104782290233853
1286,71.25528655661846,23.104782290233853
1287,71.25528655661846,23.104782290233853
1288,71.25528655661846,23.104782290233853
1289,71.25528655661846,23.104782290233853
1290,71.25528655661846,23.104782290233853
1291,71.25528655661846,23.104782290233853
1292,71.25528655661846,23.104782290233853
1293,71.25528655661846,23.104782290233853
1294,71.25528655661846,23.104782290233853
1295,71.25528655661846,23.104782290233853
1296,71.25528655661846,23.104782290233853
1297,71.25528655661846,23.104782290233853
1298,71.25528655661846,23.104782290233853
1299,71.25528655661846,23.104782290233853
1300,71.25528655661846,23.104782290233853
1301,71.25528655661846,23.104782290233853
1302,71.33992741162247,23.104782290233853
1303,71.33992741162247,23.104782290233853
1304,71.33992741162247,23.104782290233853
1305,71.43154847466667,23.104782290233853
1306,71.43154847466667,23.104782290233853
1307,71.43154847466667,23.104782290233853
1308,71.43154847466667,23.104782290233853
1309,71.43154847466667,23.104782290233853
1310,71.43154847466667,23.104782290233853
1311,71.43154847466667,23.104782290233853
1312,71.5241502320097,23.104782290233853
1313,71.5241502320097,23.104782290233853
1314,71.5241502320097,23.104782290233853
1315,71.5241502320097,23.104782290233853
1316,71.617592105613,23.104782290233853
1317,71.617592105613,23.104782290233853
1318,71.617592105613,23.104782290233853
1319,71.617592105613,23.104782290233853
1320,71.617592105613,23.104782290233853
1321,71.617592105613,23.104782290233853
1322,71.617592105613,23.104782290233853
1323,71.617592105613,23.104782290233853
1324,71.617592105613,23.104782290233853
1325,71.617592105613,23.104782290233853
1326,71.617592105613,23.104782290233853
1327,71.617592105613,23.104782290233853
1328,71.617592105613,23.104782290233853
1329,71.617592105613,23.104782290233853
1330,71.617592105613,23.104782290233853
1331,71.617592105613,23.104782290233853
1332,71.70511176016633,23.104782290233853
1333,71.70511176016633,23.104782290233853
1334,71.79677216162027,23.104782290233853
1335,71.79677216162027,23.104782290233853
1336,71.79677216162027,23.104782290233853
1337,71.79677216162027,23.104782290233853
1338,71.79677216162027,23.104782290233853
1339,71.97808020490149,23.104782290233853
1340,71.97808020490149,23.104782290233853
1341,72.06878121024482,23.104782290233853
1342,72.06878121024482,23.104782290233853
1343,72.06878121024482,23.104782290233853
1344,72.16042910733402,23.104782290233853
1345,72.16042910733402,23.104782290233853
1346,72.16042910733402,23.104782290233853
1347,72.16042910733402,23.104782290233853
1348,72.16042910733402,23.104782290233853
1349,72.16042910733402,23.104782290233853
1350,72.16042910733402,23.104782290233853
1351,72.16042910733402,23.104782290233853
1352,72.16042910733402,23.104782290233853
1353,72.16042910733402,23.104782290233853
1354,72.16042910733402,23.104782290233853
1355,72.16042910733402,23.104782290233853
1356,72.16042910733402,23.104782290233853
1357,72.16042910733402,23.104782290233853
1358,72.16042910733402,23.104782290233853
1359,72.25126658248482,23.104782290233853
1360,72.25126658248482,23.104782290233853
1361,72.25126658248482,23.104782290233853
1362,72.25126658248482,23.104782290233853
1363,72.25126658248482,23.104782290233853
1364,72.25126658248482,23.104782290233853
1365,72.25126658248482,23.104782290233853
1366,72.25126658248482,23.104782290233853
1367,72.25126658248482,23.104782290233853
1368,72.25126658248482,23.104782290233853
1369,72.25126658248482,23.104782290233853
1370,72.3379876746541,23.104782290233853
1371,72.3379876746541,23.104782290233853
1372,72.3379876746541,23.104782290233853
1373,72.42540749044107,23.104782290233853
1374,72.42540749044107,23.104782290233853
1375,72.42540749044107,23.104782290233853
1376,72.42540749044107,23.104782290233853
1377,72.42540749044107,23.104782290233853
1378,72.42540749044107,23.104782290233853
1379,72.42540749044107,23.104782290233853
1380,72.42540749044107,23.104782290233853
1381,72.42540749044107,23.104782290233853
1382,72.42540749044107,23.104782290233853
1383,72.42540749044107,23.104782290233853
1384,72.42540749044107,23.104782290233853
1385,72.42540749044107,23.104782290233853
1386,72.42540749044107,23.104782290233853
1387,72.42540749044107,23.104782290233853
1388,72.42540749044107,23.104782290233853
1389,72.42540749044107,23.104782290233853
1390,72.42540749044107,23.104782290233853
1391,72.42540749044107,23.104782290233853
1392,72.51391052422063,23.104782290233853
1393,72.51391052422063,23.104782290233853
1394,72.51391052422063,23.104782290233853
1395,72.51391052422063,23.104782290233853
1396,72.51391052422063,23.104782290233853
1397,72.51391052422063,23.104782290233853
1398,72.51391052422063,23.104782290233853
1399,72.51391052422063,23.104782290233853
1400,72.51391052422063,23.104782290233853
1401,72.51391052422063,23.104782290233853
1402,72.51391052422063,23.104782290233853
1403,72.51391052422063,23.104782290233853
1404,72.51391052422063,23.104782290233853
1405,72.51391052422063,23.104782290233853
1406,72.51391052422063,23.104782290233853
1407,72.51391052422063,23.104782290233853
1408,72.51391052422063,23.104782290233853
1409,72.51391052422063,23.104782290233853
1410,72.51391052422063,23.104782290233853
1411,72.51391052422063,23.104782290233853
1412,72.51391052422063,23.104782290233853
1413,72.60233637888997,23.104782290233853
1414,72.60233637888997,23.104782290233853
1415,72.68924136764474,23.104782290233853
1416,72.78462105713552,23.104782290233853
1417,72.87635572309748,23.104782290233853
1418,72.9695303333953,23.104782290233853
1419,72.9695303333953,23.104782290233853
1420,73.05835514296419,23.104782290233853
1421,73.14875262618321,23.104782290233853
1422,73.14875262618321,23.104782290233853
1423,73.14875262618321,23.104782290233853
1424,73.14875262618321,23.104782290233853
1425,73.14875262618321,23.104782290233853
1426,73.14875262618321,23.104782290233853
1427,73.14875262618321,23.104782290233853
1428,73.14875262618321,23.104782290233853
1429,73.14875262618321,23.104782290233853
1430,73.23925603079455,23.104782290233853
1431,73.23925603079455,23.104782290233853
1432,73.23925603079455,23.104782290233853
1433,73.23925603079455,23.104782290233853
1434,73.23925603079455,23.104782290233853
1435,73.23925603079455,23.104782290233853
1436,73.23925603079455,23.104782290233853
1437,73.23925603079455,23.104782290233853
1438,73.23925603079455,23.104782290233853
1439,73.33348384340071,23.104782290233853
1440,73.33348384340071,23.104782290233853
1441,73.33348384340071,23.104782290233853
1442,73.33348384340071,23.104782290233853
1443,73.33348384340071,23.104782290233853
1444,73.33348384340071,23.104782290233853
1445,73.33348384340071,23.104782290233853
1446,73.33348384340071,23.104782290233853
1447,73.33348384340071,23.104782290233853
1448,73.33348384340071,23.104782290233853
1449,73.33348384340071,23.104782290233853
1450,73.33348384340071,23.104782290233853
1451,73.33348384340071,23.104782290233853
1452,73.33348384340071,23.104782290233853
1453,73.33348384340071,23.104782290233853
1454,73.33348384340071,23.104782290233853
1455,73.42052415353065,23.104782290233853
1456,73.6131206492144,23.104782290233853
1457,73.80953418133858,23.104782290233853
1458,73.90661907124495,23.104782290233853
1459,74.00161317749881,23.104782290233853
1460,74.00161317749881,23.104782290233853
1461,74.00161317749881,23.104782290233853
1462,74.00161317749881,23.104782290233853
1463,74.00161317749881,23.104782290233853
1464,74.00161317749881,23.104782290233853
1465,74.00161317749881,23.104782290233853
1466,74.09566307154677,23.104782290233853
1467,74.09566307154677,23.104782290233853
1468,74.18966152181837,23.104782290233853
1469,74.18966152181837,23.104782290233853
1470,74.18966152181837,23.104782290233853
1471,74.18966152181837,23.104782290233853
1472,74.18966152181837,23.104782290233853
1473,74.28152480444503,23.104782290233853
1474,74.28152480444503,23.104782290233853
1475,74.28152480444503,23.104782290233853
1476,74.28152480444503,23.104782290233853
1477,74.28152480444503,23.104782290233853
1478,74.28152480444503,23.104782290233853
1479,74.28152480444503,23.104782290233853
1480,74.28152480444503,23.104782290233853
1481,74.28152480444503,23.104782290233853
1482,74.28152480444503,23.104782290233853
1483,74.28152480444503,23.104782290233853
1484,74.28152480444503,23.104782290233853
1485,74.28152480444503,23.104782290233853
1486,74.28152480444503,23.104782290233853
1487,74.28152480444503,23.104782290233853
1488,74.28152480444503,23.104782290233853
1489,74.28152480444503,23.104782290233853
1490,74.28152480444503,23.104782290233853
1491,74.28152480444503,23.104782290233853
1492,74.28152480444503,23.104782290233853
1493,74.28152480444503,23.104782290233853
1494,74.28152480444503,23.104782290233853
1495,74.28152480444503,23.104782290233853
1496,74.28152480444503,23.104782290233853
1497,74.28152480444503,23.104782290233853
1498,74.28152480444503,23.104782290233853
1499,74.28152480444503,23.104782290233853
1500,74.37228102914926,23.104782290233853
1501,74.37228102914926,23.104782290233853
1502,74.37228102914926,23.104782290233853
1503,74.37228102914926,23.104782290233853
1504,74.37228102914926,23.104782290233853
1505,74.37228102914926,23.104782290233853
1506,74.37228102914926,23.104782290233853
1507,74.37228102914926,23.104782290233853
1508,74.37228102914926,23.104782290233853
1509,74.37228102914926,23.104782290233853
1510,74.37228102914926,23.104782290233853
1511,74.37228102914926,23.104782290233853
1512,74.37228102914926,23.104782290233853
1513,74.37228102914926,23.104782290233853
1514,74.46750237551677,23.104782290233853
1515,74.46750237551677,23.104782290233853
1516,74.46750237551677,23.104782290233853
1517,74.46750237551677,23.104782290233853
1518,74.46750237551677,23.104782290233853
1519,74.46750237551677,23.104782290233853
1520,74.46750237551677,23.104782290233853
1521,74.46750237551677,23.104782290233853
1522,74.46750237551677,23.104782290233853
1523,74.46750237551677,23.104782290233853
1524,74.46750237551677,23.104782290233853
1525,74.46750237551677,23.104782290233853
1526,74.46750237551677,23.104782290233853
1527,74.46750237551677,23.104782290233853
1528,74.46750237551677,23.104782290233853
1529,74.46750237551677,23.104782290233853
1530,74.46750237551677,23.104782290233853
1531,74.46750237551677,23.104782290233853
1532,74.55885125089114,23.104782290233853
1533,74.55885125089114,23.104782290233853
1534,74.55885125089114,23.104782290233853
1535,74.55885125089114,23.104782290233853
1536,74.55885125089114,23.104782290233853
1537,74.55885125089114,23.104782290233853
1538,74.55885125089114,23.104782290233853
1539,74.55885125089114,23.104782290233853
1540,74.55885125089114,23.104782290233853
1541,74.55885125089114,23.104782290233853
1542,74.55885125089114,23.104782290233853
1543,74.55885125089114,23.104782290233853
1544,74.55885125089114,23.104782290233853
1545,74.55885125089114,23.104782290233853
1546,74.55885125089114,23.104782290233853
1547,74.55885125089114,23.104782290233853
1548,74.55885125089114,23.104782290233853
1549,74.55885125089114,23.104782290233853
1550,74.55885125089114,23.104782290233853
1551,74.55885125089114,23.104782290233853
1552,74.55885125089114,23.104782290233853
1553,74.55885125089114,23.104782290233853
1554,74.55885125089114,23.104782290233853
1555,74.64725375662474,23.104782290233853
1556,74.64725375662474,23.104782290233853
1557,74.64725375662474,23.104782290233853
1558,74.64725375662474,23.104782290233853
1559,74.64725375662474,23.104782290233853
1560,74.64725375662474,23.104782290233853
1561,74.64725375662474,23.104782290233853
1562,74.73644160451128,23.104782290233853
1563,74.83178907006507,23.104782290233853
1564,74.83178907006507,23.104782290233853
1565,74.92777955495387,23.104782290233853
1566,74.92777955495387,23.104782290233853
1567,74.92777955495387,23.104782290233853
1568,74.92777955495387,23.104782290233853
1569,74.92777955495387,23.104782290233853
1570,74.92777955495387,23.104782290233853
1571,74.92777955495387,23.104782290233853
1572,74.92777955495387,23.104782290233853
1573,74.92777955495387,23.104782290233853
1574,74.92777955495387,23.104782290233853
1575,74.92777955495387,23.104782290233853
1576,74.92777955495387,23.104782290233853
1577,74.92777955495387,23.104782290233853
1578,74.92777955495387,23.104782290233853
1579,74.92777955495387,23.104782290233853
1580,74.92777955495387,23.104782290233853
1581,74.92777955495387,23.104782290233853
1582,75.01620935085585,23.104782290233853
1583,75.01620935085585,23.104782290233853
1584,75.01620935085585,23.104782290233853
1585,75.01620935085585,23.104782290233853
1586,75.01620935085585,23.104782290233853
1587,75.01620935085585,23.104782290233853
1588,75.01620935085585,23.104782290233853
1589,75.01620935085585,23.104782290233853
1590,75.01620935085585,23.104782290233853
1591,75.01620935085585,23.104782290233853
1592,75.01620935085585,23.104782290233853
1593,75.01620935085585,23.104782290233853
1594,75.01620935085585,23.104782290233853
1595,75.01620935085585,23.104782290233853
1596,75.01620935085585,23.104782290233853
1597,75.01620935085585,23.104782290233853
1598,75.01620935085585,23.104782290233853
1599,75.01620935085585,23.104782290233853
1600,75.01620935085585,23.104782290233853
1601,75.01620935085585,23.104782290233853
1602,75.01620935085585,23.104782290233853
1603,75.01620935085585,23.104782290233853
1604,75.01620935085585,23.104782290233853
1605,75.01620935085585,23.104782290233853
1606,75.10197221749057,23.104782290233853
1607,75.10197221749057,23.104782290233853
1608,75.10197221749057,23.104782290233853
1609,75.10197221749057,23.104782290233853
1610,75.10197221749057,23.104782290233853
1611,75.10197221749057,23.104782290233853
1612,75.10197221749057,23.104782290233853
1613,75.10197221749057,23.104782290233853
1614,75.10197221749057,23.104782290233853
1615,75.10197221749057,23.104782290233853
1616,75.10197221749057,23.104782290233853
1617,75.10197221749057,23.104782290233853
1618,75.10197221749057,23.104782290233853
1619,75.10197221749057,23.104782290233853
1620,75.10197221749057,23.104782290233853
1621,75.10197221749057,23.104782290233853
1622,75.10197221749057,23.104782290233853
1623,75.10197221749057,23.104782290233853
1624,75.10197221749057,23.104782290233853
1625,75.10197221749057,23.104782290233853
1626,75.10197221749057,23.104782290233853
1627,75.1942680360776,23.104782290233853
1628,75.1942680360776,23.104782290233853
1629,75.1942680360776,23.104782290233853
1630,75.1942680360776,23.104782290233853
1631,75.1942680360776,23.104782290233853
1632,75.1942680360776,23.104782290233853
1633,75.1942680360776,23.104782290233853
1634,75.1942680360776,23.104782290233853
1635,75.1942680360776,23.104782290233853
1636,75.1942680360776,23.104782290233853
1637,75.1942680360776,23.104782290233853
1638,75.1942680360776,23.104782290233853
1639,75.1942680360776,23.104782290233853
1640,75.1942680360776,23.104782290233853
1641,75.1942680360776,23.104782290233853
1642,75.1942680360776,23.104782290233853
1643,75.1942680360776,23.104782290233853
1644,75.1942680360776,23.104782290233853
1645,75.1942680360776,23.104782290233853
1646,75.1942680360776,23.104782290233853
1647,75.1942680360776,23.104782290233853
1648,75.1942680360776,23.104782290233853
1649,75.1942680360776,23.104782290233853
1650,75.1942680360776,23.104782290233853
1651,75.1942680360776,23.104782290233853
1652,75.1942680360776,23.104782290233853
1653,75.1942680360776,23.104782290233853
1654,75.1942680360776,23.104782290233853
1655,75.1942680360776,23.104782290233853
1656,75.1942680360776,23.104782290233853
1657,75.1942680360776,23.104782290233853
1658,75.1942680360776,23.104782290233853
1659,75.1942680360776,23.104782290233853
1660,75.1942680360776,23.104782290233853
1661,75.1942680360776,23.104782290233853
1662,75.1942680360776,23.104782290233853
1663,75.1942680360776,23.104782290233853
1664,75.1942680360776,23.104782290233853
1665,75.1942680360776,23.104782290233853
1666,75.1942680360776,23.104782290233853
1667,75.1942680360776,23.104782290233853
1668,75.1942680360776,23.104782290233853
1669,75.1942680360776,23.104782290233853
1670,75.1942680360776,23.104782290233853
1671,75.1942680360776,23.104782290233853
1672,75.1942680360776,23.104782290233853
1673,75.1942680360776,23.104782290233853
1674,75.2823071136265,23.104782290233853
1675,75.2823071136265,23.104782290233853
1676,75.2823071136265,23.104782290233853
1677,75.2823071136265,23.104782290233853
1678,75.2823071136265,23.104782290233853
1679,75.2823071136265,23.104782290233853
1680,75.2823071136265,23.104782290233853
1681,75.2823071136265,23.104782290233853
1682,75.46193058232052,23.104782290233853
1683,75.46193058232052,23.104782290233853
1684,75.46193058232052,23.104782290233853
1685,75.46193058232052,23.104782290233853
1686,75.46193058232052,23.104782290233853
1687,75.46193058232052,23.104782290233853
1688,75.46193058232052,23.104782290233853
1689,75.46193058232052,23.104782290233853
1690,75.55020981351397,23.104782290233853
1691,75.55020981351397,23.104782290233853
1692,75.55020981351397,23.104782290233853
1693,75.55020981351397,23.104782290233853
1694,75.55020981351397,23.104782290233853
1695,75.55020981351397,23.104782290233853
1696,75.55020981351397,23.104782290233853
1697,75.55020981351397,23.104782290233853
1698,75.55020981351397,23.104782290233853
1699,75.55020981351397,23.104782290233853
1700,75.55020981351397,23.104782290233853
1701,75.55020981351397,23.104782290233853
1702,75.55020981351397,23.104782290233853
1703,75.55020981351397,23.104782290233853
1704,75.55020981351397,23.104782290233853
1705,75.55020981351397,23.104782290233853
1706,75.55020981351397,23.104782290233853
1707,75.55020981351397,23.104782290233853
1708,75.55020981351397,23.104782290233853
1709,75.55020981351397,23.104782290233853
1710,75.55020981351397,23.104782290233853
1711,75.55020981351397,23.104782290233853
1712,75.55020981351397,23.104782290233853
1713,75.55020981351397,23.104782290233853
1714,75.55020981351397,23.104782290233853
1715,75.55020981351397,23.104782290233853
1716,75.55020981351397,23.104782290233853
1717,75.55020981351397,23.104782290233853
1718,75.55020981351397,23.104782290233853
1719,75.55020981351397,23.104782290233853
1720,75.55020981351397,23.104782290233853
1721,75.55020981351397,23.104782290233853
1722,75.55020981351397,23.104782290233853
1723,75.55020981351397,23.104782290233853
1724,75.55020981351397,23.104782290233853
1725,75.55020981351397,23.104782290233853
1726,75.55020981351397,23.104782290233853
1727,75.55020981351397,23.104782290233853
1728,75.55020981351397,23.104782290233853
1729,75.55020981351397,23.104782290233853
1730,75.55020981351397,23.104782290233853
1731,75.55020981351397,23.104782290233853
1732,75.55020981351397,23.104782290233853
1733,75.55020981351397,23.104782290233853
1734,75.55020981351397,23.104782290233853
1735,75.55020981351397,23.104782290233853
1736,75.55020981351397,23.104782290233853
1737,75.55020981351397,23.104782290233853
1738,75.55020981351397,23.104782290233853
1739,75.55020981351397,23.104782290233853
1740,75.55020981351397,23.104782290233853
1741,75.55020981351397,23.104782290233853
1742,75.55020981351397,23.104782290233853
1743,75.55020981351397,23.104782290233853
1744,75.55020981351397,23.104782290233853
1745,75.55020981351397,23.104782290233853
1746,75.55020981351397,23.104782290233853
1747,75.55020981351397,23.104782290233853
1748,75.55020981351397,23.104782290233853
1749,75.55020981351397,23.104782290233853
1750,75.55020981351397,23.104782290233853
1751,75.55020981351397,23.104782290233853
1752,75.55020981351397,23.104782290233853
1753,75.55020981351397,23.104782290233853
1754,75.55020981351397,23.104782290233853
1755,75.55020981351397,23.104782290233853
1756,75.55020981351397,23.104782290233853
1757,75.55020981351397,23.104782290233853
1758,75.55020981351397,23.104782290233853
1759,75.55020981351397,23.104782290233853
1760,75.55020981351397,23.104782290233853
1761,75.55020981351397,23.104782290233853
1762,75.55020981351397,23.104782290233853
1763,75.55020981351397,23.104782290233853
1764,75.55020981351397,23.104782290233853
1765,75.64147846599832,23.104782290233853
1766,75.64147846599832,23.104782290233853
1767,75.64147846599832,23.104782290233853
1768,75.64147846599832,23.104782290233853
1769,75.64147846599832,23.104782290233853
1770,75.64147846599832,23.104782290233853
1771,75.64147846599832,23.104782290233853
1772,75.64147846599832,23.104782290233853
1773,75.64147846599832,23.104782290233853
1774,75.64147846599832,23.104782290233853
1775,75.64147846599832,23.104782290233853
1776,75.64147846599832,23.104782290233853
1777,75.64147846599832,23.104782290233853
1778,75.64147846599832,23.104782290233853
1779,75.64147846599832,23.104782290233853
1780,75.64147846599832,23.104782290233853
1781,75.73385100814377,23.104782290233853
1782,75.73385100814377,23.104782290233853
1783,75.73385100814377,23.104782290233853
1784,75.73385100814377,23.104782290233853
1785,75.73385100814377,23.104782290233853
1786,75.73385100814377,23.104782290233853
1787,75.73385100814377,23.104782290233853
1788,75.73385100814377,23.104782290233853
1789,75.82369157137785,23.104782290233853
1790,75.82369157137785,23.104782290233853
1791,75.82369157137785,23.104782290233853
1792,75.82369157137785,23.104782290233853
1793,75.82369157137785,23.104782290233853
1794,75.82369157137785,23.104782290233853
1795,75.82369157137785,23.104782290233853
1796,75.82369157137785,23.104782290233853
1797,75.82369157137785,23.104782290233853
1798,75.82369157137785,23.104782290233853
1799,75.82369157137785,23.104782290233853
1800,75.82369157137785,23.104782290233853
1801,75.82369157137785,23.104782290233853
1802,75.82369157137785,23.104782290233853
1803,75.82369157137785,23.104782290233853
1804,75.82369157137785,23.104782290233853
1805,75.82369157137785,23.104782290233853
1806,75.82369157137785,23.104782290233853
1807,75.82369157137785,23.104782290233853
1808,75.82369157137785,23.104782290233853
1809,75.82369157137785,23.104782290233853
1810,75.82369157137785,23.104782290233853
1811,75.82369157137785,23.104782290233853
1812,75.82369157137785,23.104782290233853
1813,75.82369157137785,23.104782290233853
1814,75.82369157137785,23.104782290233853
1815,75.82369157137785,23.104782290233853
1816,75.82369157137785,23.104782290233853
1817,75.82369157137785,23.104782290233853
1818,75.82369157137785,23.104782290233853
1819,75.82369157137785,23.104782290233853
1820,75.82369157137785,23.104782290233853
1821,75.82369157137785,23.104782290233853
1822,75.9133866599974,23.104782290233853
1823,75.9133866599974,23.104782290233853
1824,75.9133866599974,23.104782290233853
1825,75.9133866599974,23.104782290233853
1826,75.9133866599974,23.104782290233853
1827,75.9133866599974,23.104782290233853
1828,75.9133866599974,23.104782290233853
1829,75.9133866599974,23.104782290233853
1830,76.00757188039314,23.104782290233853
1831,76.00757188039314,23.104782290233853
1832,76.00757188039314,23.104782290233853
1833,76.10513351523704,23.104782290233853
1834,76.20017909258415,23.104782290233853
1835,76.20017909258415,23.104782290233853
1836,76.20017909258415,23.104782290233853
1837,76.20017909258415,23.104782290233853
1838,76.38339746759765,23.104782290233853
1839,76.38339746759765,23.104782290233853
1840,76.38339746759765,23.104782290233853
1841,76.38339746759765,23.104782290233853
1842,76.38339746759765,23.104782290233853
1843,76.38339746759765,23.104782290233853
1844,76.38339746759765,23.104782290233853
1845,76.38339746759765,23.104782290233853
1846,76.38339746759765,23.104782290233853
1847,76.38339746759765,23.104782290233853
1848,76.38339746759765,23.104782290233853
1849,76.38339746759765,23.104782290233853
1850,76.38339746759765,23.104782290233853
1851,76.38339746759765,23.104782290233853
1852,76.47529189283964,23.104782290233853
1853,76.47529189283964,23.104782290233853
1854,76.47529189283964,23.104782290233853
1855,76.47529189283964,23.104782290233853
1856,76.47529189283964,23.104782290233853
1857,76.47529189283964,23.104782290233853
1858,76.47529189283964,23.104782290233853
1859,76.47529189283964,23.104782290233853
1860,76.47529189283964,23.104782290233853
1861,76.47529189283964,23.104782290233853
1862,76.66046499074317,23.104782290233853
1863,76.66046499074317,23.104782290233853
1864,76.66046499074317,23.104782290233853
1865,76.66046499074317,23.104782290233853
1866,76.66046499074317,23.104782290233853
1867,76.75200818537493,23.104782290233853
1868,76.75200818537493,23.104782290233853
1869,76.75200818537493,23.104782290233853
1870,76.84531963376848,23.104782290233853
1871,76.84531963376848,23.104782290233853
1872,76.84531963376848,23.104782290233853
1873,76.93635708599807,23.104782290233853
1874,76.93635708599807,23.104782290233853
1875,76.93635708599807,23.104782290233853
1876,76.93635708599807,23.104782290233853
1877,76.93635708599807,23.104782290233853
1878,76.93635708599807,23.104782290233853
1879,76.93635708599807,23.104782290233853
1880,76.93635708599807,23.104782290233853
1881,76.93635708599807,23.104782290233853
1882,76.93635708599807,23.104782290233853
1883,76.93635708599807,23.104782290233853
1884,76.93635708599807,23.104782290233853
1885,76.93635708599807,23.104782290233853
1886,76.93635708599807,23.104782290233853
1887,76.93635708599807,23.104782290233853
1888,76.93635708599807,23.104782290233853
1889,76.93635708599807,23.104782290233853
1890,76.93635708599807,23.104782290233853
1891,77.02774208289122,23.104782290233853
1892,77.02774208289122,23.104782290233853
1893,77.02774208289122,23.104782290233853
1894,77.02774208289122,23.104782290233853
1895,77.02774208289122,23.104782290233853
1896,77.02774208289122,23.104782290233853
1897,77.02774208289122,23.104782290233853
1898,77.02774208289122,23.104782290233853
1899,77.02774208289122,23.104782290233853
1900,77.02774208289122,23.104782290233853
1901,77.02774208289122,23.104782290233853
1902,77.02774208289122,23.104782290233853
1903,77.11753208711133,23.104782290233853
1904,77.11753208711133,23.104782290233853
1905,77.11753208711133,23.104782290233853
1906,77.11753208711133,23.104782290233853
1907,77.11753208711133,23.104782290233853
1908,77.11753208711133,23.104782290233853
1909,77.11753208711133,23.104782290233853
1910,77.11753208711133,23.104782290233853
1911,77.11753208711133,23.104782290233853
1912,77.11753208711133,23.104782290233853
1913,77.11753208711133,23.104782290233853
1914,77.11753208711133,23.104782290233853
1915,77.11753208711133,23.104782290233853
1916,77.11753208711133,23.104782290233853
1917,77.11753208711133,23.104782290233853
1918,77.11753208711133,23.104782290233853
1919,77.11753208711133,23.104782290233853
1920,77.11753208711133,23.104782290233853
1921,77.11753208711133,23.104782290233853
1922,77.11753208711133,23.104782290233853
1923,77.11753208711133,23.104782290233853
1924,77.11753208711133,23.104782290233853
1925,77.11753208711133,23.104782290233853
1926,77.11753208711133,23.104782290233853
1927,77.11753208711133,23.104782290233853
1928,77.11753208711133,23.104782290233853
1929,77.11753208711133,23.104782290233853
1930,77.11753208711133,23.104782290233853
1931,77.20638401475962,23.104782290233853
1932,77.20638401475962,23.104782290233853
1933,77.20638401475962,23.104782290233853
1934,77.20638401475962,23.104782290233853
1935,77.20638401475962,23.104782290233853
1936,77.20638401475962,23.104782290233853
1937,77.20638401475962,23.104782290233853
1938,77.20638401475962,23.104782290233853
1939,77.20638401475962,23.104782290233853
1940,77.20638401475962,23.104782290233853
1941,77.20638401475962,23.104782290233853
1942,77.20638401475962,23.104782290233853
1943,77.20638401475962,23.104782290233853
1944,77.20638401475962,23.104782290233853
1945,77.20638401475962,23.104782290233853
1946,77.20638401475962,23.104782290233853
1947,77.20638401475962,23.104782290233853
1948,77.20638401475962,23.104782290233853
1949,77.20638401475962,23.104782290233853
1950,77.20638401475962,23.104782290233853
1951,77.20638401475962,23.104782290233853
1952,77.20638401475962,23.104782290233853
1953,77.20638401475962,23.104782290233853
1954,77.20638401475962,23.104782290233853
1955,77.20638401475962,23.104782290233853
1956,77.20638401475962,23.104782290233853
1957,77.20638401475962,23.104782290233853
1958,77.20638401475962,23.104782290233853
1959,77.20638401475962,23.104782290233853
1960,77.20638401475962,23.104782290233853
1961,77.20638401475962,23.104782290233853
1962,77.20638401475962,23.104782290233853
1963,77.20638401475962,23.104782290233853
1964,77.20638401475962,23.104782290233853
1965,77.30070404361254,23.104782290233853
1966,77.30070404361254,23.104782290233853
1967,77.30070404361254,23.104782290233853
1968,77.30070404361254,23.104782290233853
1969,77.30070404361254,23.104782290233853
1970,77.30070404361254,23.104782290233853
1971,77.30070404361254,23.104782290233853
1972,77.30070404361254,23.104782290233853
1973,77.30070404361254,23.104782290233853
1974,77.30070404361254,23.104782290233853
1975,77.30070404361254,23.104782290233853
1976,77.30070404361254,23.104782290233853
1977,77.30070404361254,23.104782290233853
1978,77.30070404361254,23.104782290233853
1979,77.30070404361254,23.104782290233853
1980,77.30070404361254,23.104782290233853
1981,77.30070404361254,23.104782290233853
1982,77.30070404361254,23.104782290233853
1983,77.30070404361254,23.104782290233853
1984,77.30070404361254,23.104782290233853
1985,77.30070404361254,23.104782290233853
1986,77.30070404361254,23.104782290233853
1987,77.30070404361254,23.104782290233853
1988,77.38525698134275,23.104782290233853
1989,77.38525698134275,23.104782290233853
1990,77.38525698134275,23.104782290233853
1991,77.38525698134275,23.104782290233853
1992,77.38525698134275,23.104782290233853
1993,77.38525698134275,23.104782290233853
1994,77.38525698134275,23.104782290233853
1995,77.38525698134275,23.104782290233853
1996,77.38525698134275,23.104782290233853
1997,77.38525698134275,23.104782290233853
1998,77.38525698134275,23.104782290233853
1999,77.38525698134275,23.104782290233853
