Time(Iteration),LinUCBTheta,LinTSTheta
0,0.9840401066818885,0.9955184501122923
1,0.9654668732127225,0.9873721044977952
2,0.9434796948262777,0.9582315130992607
3,0.927450257541358,0.9388091548735364
4,0.9222671572773349,0.9229036091133626
5,0.8878634967404333,0.8922397850749701
6,0.8707922486612999,0.883953235192125
7,0.8532018607299878,0.871951968652267
8,0.8409507318344291,0.8183965981877147
9,0.8101965313082868,0.7820637964210688
10,0.8006277954446548,0.7569025014186735
11,0.7833841401689372,0.7387709937438032
12,0.7643030045751675,0.7236830615795143
13,0.7265766454277324,0.7080901038218913
14,0.699293383368736,0.6933910526079722
15,0.6875266450659321,0.6537063059380699
16,0.6797779114250346,0.6514300818143418
17,0.6546233947166458,0.6317372537777358
18,0.6270324586509574,0.6036358333394991
19,0.5919506901836595,0.5898871958329622
20,0.572170886028917,0.5537962166390727
21,0.5883838220980768,0.5469832313533682
22,0.5658479342250704,0.520847565279369
23,0.5222369100819296,0.5142303486177964
24,0.4946887351208786,0.5049657937692015
25,0.4904186934128584,0.4903237998892732
26,0.4859388539520667,0.4830906147115351
27,0.4833822032996175,0.4669162726401345
28,0.48146571654537185,0.4656185619275607
29,0.47625757129310775,0.4612482892213099
30,0.474020277302008,0.4558092835250796
31,0.4665831529108857,0.4566564905623225
32,0.46567405098825265,0.45672610521104284
33,0.4531874772732916,0.4562819493413598
34,0.4445663516693658,0.45214358477140204
35,0.4405869918862183,0.4512810619545314
36,0.437754834182412,0.44910681833729804
37,0.43823696241958904,0.4473707563229368
38,0.436644734429888,0.4472001235922781
39,0.4300393142135402,0.4464792442799294
40,0.41952002933115945,0.4463071080944682
41,0.41854729915718847,0.4459051479368076
42,0.4084874019005834,0.4459691635426548
43,0.4012928936656929,0.4455019104161878
44,0.3924812822771316,0.445119813014837
45,0.3913726801773389,0.4455044872006325
46,0.386913065617713,0.44427960553344237
47,0.3803180381088785,0.44448879011086684
48,0.3759988167927771,0.44473027829145284
49,0.3737924535375415,0.44414005234369947
50,0.3694897598450185,0.44368194948598505
51,0.3660757682364475,0.44361703664202484
52,0.3640492698960263,0.4430903656167198
53,0.3619642620392732,0.4432254056854898
54,0.3625293342278831,0.44387917583335523
55,0.36037836581154464,0.4434627831523231
56,0.3548943991535328,0.44182032246359604
57,0.35632651802352633,0.4405208677254186
58,0.34372888676408264,0.44058000448803714
59,0.34355609991508773,0.44030348806603536
60,0.3424472514312597,0.43930934899542534
61,0.3358537708037527,0.438998242037246
62,0.3342156287015131,0.43915270952517416
63,0.33310301930659647,0.4386038309526886
64,0.3291308937118852,0.4384788478067441
65,0.3307995453958322,0.438459992022854
66,0.32877467921511216,0.43853545111093056
67,0.32107626449297927,0.4386020462361782
68,0.3183895856369846,0.4384316669981788
69,0.31870135374980035,0.4384264611770797
70,0.3166884885088819,0.43846015430339236
71,0.3154546116896073,0.43787324662982846
72,0.316190556560271,0.4378389599107001
73,0.3162897034533194,0.437738101464569
74,0.3165728842336156,0.4377033746053273
75,0.3149410555513352,0.4370364597656029
76,0.31465524278587653,0.43723429411313824
77,0.3141625715288085,0.4371366355809595
78,0.3115252494985582,0.4341352041666916
79,0.3065680262533123,0.4340125908101192
80,0.30515519714869993,0.4339307255856083
81,0.30417477553754413,0.4339426303752155
82,0.3013891708163179,0.4339427663816604
83,0.3009605495549198,0.4338551293927222
84,0.2993487721649352,0.4339160607067414
85,0.29712830159206505,0.4339109508047934
86,0.2933842914389164,0.434008441658886
87,0.2891646052594583,0.4339171619001533
88,0.2877421144888479,0.43384553663134884
89,0.28544091306417885,0.43381785466897965
90,0.2819247371892225,0.4338271692688336
91,0.28264832496364195,0.43387922730343664
92,0.28234430196110294,0.4332843379231662
93,0.28059181978888004,0.4333571313180248
94,0.27928668905515186,0.4330461140802795
95,0.2793100275773169,0.432577385109674
96,0.27775491679207914,0.4325151414366159
97,0.277747091159298,0.43247714974550533
98,0.27468596152316566,0.4316369614650684
99,0.2724438140977058,0.4314745973283216
100,0.2724321293888496,0.4286492333909053
101,0.27182697759911917,0.4287215137634087
102,0.27076998233272503,0.42875239804208815
103,0.27095584615088075,0.42865671874539785
104,0.26840607829497876,0.4285777313327023
105,0.26826187800648116,0.42850993781732605
106,0.2664213463541253,0.4285193689828368
107,0.26572034783489934,0.4287357752874873
108,0.26442769097003394,0.4286875511124128
109,0.2645941891659317,0.42866492198025635
110,0.262030465701052,0.4286028033401285
111,0.2620653004399846,0.4285734276506858
112,0.26237144043813837,0.4312781881791124
113,0.26062791823696674,0.4313084852227371
114,0.2553025429140322,0.4305724904921197
115,0.25260999374949783,0.4296748773233543
116,0.25207860927198705,0.42965797097385333
117,0.2502692783216604,0.4297066561374412
118,0.2498286040408617,0.4297138308715149
119,0.2453113694176407,0.42970833037343875
120,0.24283898720238423,0.42969310722851173
121,0.2398572961688211,0.43040373972443396
122,0.23969532588618075,0.43007725833307103
123,0.23924439678514933,0.43008297374208065
124,0.23878174848193257,0.4298370370142764
125,0.23793205746127186,0.4297708560359654
126,0.2356823661093168,0.42976239812120653
127,0.23378347991757073,0.42981184647593773
128,0.23332621409039217,0.42980499214388174
129,0.23268895575816234,0.4298143809285839
130,0.2302154361678721,0.42919367111548434
131,0.22970490909133137,0.4291907568080206
132,0.23078006503560317,0.42803976759398055
133,0.2302063744659379,0.4281251695604514
134,0.23011678194691876,0.42799294122486453
135,0.22969118697111085,0.4279709880970156
136,0.22999290563436356,0.4282396462352486
137,0.22846589389865604,0.4282944068319078
138,0.22933741960730486,0.42827364452527394
139,0.22829051199473643,0.42827804680880266
140,0.22812711334031918,0.4280728374956079
141,0.2269224600783656,0.42813704979354517
142,0.22680575275040377,0.4277954184854827
143,0.2267647192370788,0.42779812940880657
144,0.22544167933156975,0.42773688090280804
145,0.2246138126269137,0.42775214413842216
146,0.22444109554431582,0.4277613077091626
147,0.2245408307335762,0.4277662842009026
148,0.22399836892673392,0.4284399656829706
149,0.22333231604324116,0.4284458932696114
150,0.22386155309509403,0.4284506229807142
151,0.2232455157352994,0.4284589287907819
152,0.22390416570207372,0.4284754117617398
153,0.22284966618857407,0.42846370613874696
154,0.2218577696080907,0.4284850520637873
155,0.2233751550941042,0.42901746176917976
156,0.22231005871909462,0.42904895483349037
157,0.22184202742975975,0.42905365196517165
158,0.2223297595474397,0.4290374899344763
159,0.2229213787421577,0.42905910076277703
160,0.22113303004200918,0.42905439802489564
161,0.21957648217050302,0.42904154969274694
162,0.21991134437993293,0.42905075841116747
163,0.22113896599474597,0.4289018678600053
164,0.22078158429845093,0.4255727342873947
165,0.2199708478719292,0.4255692702048042
166,0.22024939553218523,0.42558076489344704
167,0.2206087508873905,0.42556601558166046
168,0.21979506881913452,0.42570767638737383
169,0.2193808190927907,0.4256793862663802
170,0.21932942647028728,0.42567331227227045
171,0.21911999636134447,0.42569413463196487
172,0.2185214858165975,0.42571635573825956
173,0.21857928540462135,0.4255602418386264
174,0.2178712889964311,0.42556239524937933
175,0.21699198589158622,0.4255615649405381
176,0.21728425199740498,0.4255601777937277
177,0.2164701963328885,0.4255584757163313
178,0.2165362670273338,0.42556634048729086
179,0.21638650508045698,0.42495880314733314
180,0.21689862623479783,0.4250552070563923
181,0.21649937135719025,0.4250627895141565
182,0.2163089838263427,0.4250547193477324
183,0.21612963689441567,0.4249424118643531
184,0.21564698008724287,0.4248373119513008
185,0.21553710105363527,0.42484122095159976
186,0.2143138017022162,0.42484189504470377
187,0.21424727673834343,0.42483896721462566
188,0.214631418032971,0.42481561158487435
189,0.21516814195821418,0.4241751874915673
190,0.21605162169689618,0.424176245462503
191,0.21617020824469443,0.42418563914198437
192,0.21541707712113528,0.42418995711375906
193,0.21495992087653124,0.4243151535376685
194,0.2123433433221026,0.42432638836523473
195,0.2121618686039403,0.42434481179724975
196,0.21231024705161833,0.4244999817289825
197,0.21259374226685726,0.4244164796964117
198,0.2123129847710298,0.4244229940381106
199,0.2120432627918316,0.42443852031962415
200,0.21108732707764477,0.42444000394472053
201,0.21005648519171488,0.42443191146533243
202,0.21389778395487768,0.42443498460018547
203,0.21418234738343017,0.42441931423453483
204,0.2146608853549577,0.4244244869368151
205,0.21416088758088275,0.42442458666048444
206,0.21430994339398782,0.42446018876893
207,0.21447299416656596,0.4244512077561395
208,0.2142284326538507,0.4244605188276984
209,0.21294080183519531,0.4244635794324692
210,0.2127454264707432,0.42446362515718866
211,0.21290475476805196,0.4244680656753057
212,0.21188944895361242,0.42446532887606764
213,0.21171415623741896,0.42435204350637346
214,0.21219897726888512,0.42434530360623146
215,0.21225205852472956,0.4242692374637461
216,0.21163119769886524,0.4242655627825136
217,0.21127930545303714,0.4242577224786914
218,0.21112886247703427,0.4241717767277045
219,0.21062847900980813,0.42416452066825644
220,0.20667873648049037,0.4241618148461222
221,0.20673054709722072,0.42409669674963413
222,0.206487463933412,0.42409731849609306
223,0.20629900019525826,0.42409499108817333
224,0.20557652024753592,0.42408944302819984
225,0.20529612998129884,0.4240954653666356
226,0.20513808475345216,0.4248330842037665
227,0.20442719222786035,0.42483444795416947
228,0.20438677048806161,0.42483634785943397
229,0.20432282619724046,0.4248321754462208
230,0.20425305545730305,0.424839465316737
231,0.20379235677373675,0.42484240862728617
232,0.2037861663579419,0.4248543922648362
233,0.20224080353447405,0.42486681491708495
234,0.20239072104667813,0.4249296308635618
235,0.20101445825271566,0.42492646600381107
236,0.201093562614905,0.4249197734328029
237,0.1997117100462535,0.4249172438250901
238,0.2000629194832436,0.42492144432159173
239,0.20019418675538914,0.4249321418145634
240,0.20112245692141162,0.4249303511591182
241,0.20052818958473773,0.42488413261983526
242,0.20081371931956876,0.42488813007219284
243,0.2007443076024591,0.42485637736807025
244,0.20079729418739514,0.4199356698692679
245,0.19991108209446665,0.41993623489325327
246,0.19996663739760548,0.4199144282483919
247,0.19913568228096118,0.4199046980635376
248,0.19927860404531467,0.41989267721083384
249,0.19957755553253492,0.4213448956671427
250,0.19920748779644695,0.42134884583033483
251,0.19950908164122333,0.421350974281157
252,0.19896889193302245,0.42134912368602767
253,0.198890704700422,0.4213548321027359
254,0.19851218050992117,0.42135343742131726
255,0.19767392410861734,0.42136927192031226
256,0.1971614813817655,0.4213707939497714
257,0.1966489713543818,0.42049333426020297
258,0.196637179890437,0.42044905384413783
259,0.19692559235796447,0.42044110347898245
260,0.19709341909930972,0.42043874127185255
261,0.1973658273701704,0.42052340044893854
262,0.1976137816923658,0.420526061565354
263,0.19732120326712613,0.4204815874878375
264,0.19760303384677605,0.42048255687113906
265,0.19712819030255338,0.42051582955130334
266,0.1971890288270926,0.42051899499811574
267,0.19672362913780855,0.4205251200633606
268,0.1955822930726458,0.42050450425924757
269,0.1958736975180317,0.4205039630550605
270,0.19540508345666444,0.4205134519752818
271,0.19526018993461397,0.42018282442677163
272,0.19548846145906545,0.4201923599483114
273,0.19515040738447817,0.4201878659895969
274,0.1944011984355451,0.42018143004271663
275,0.19437494567663335,0.4201800190809973
276,0.1941157293465296,0.4201188950075266
277,0.19445582591610888,0.42011039317415777
278,0.19410080203741376,0.4201099437329378
279,0.1941528576787409,0.42010491044693177
280,0.194016927964308,0.42010063637410855
281,0.19386146405946367,0.42010109824439645
282,0.1937101675873058,0.4200991936841323
283,0.19480381331848282,0.4201003202284842
284,0.1945336704189084,0.42010404706647675
285,0.19440711513431877,0.4201007038325268
286,0.19452139909311925,0.4200977394838591
287,0.19388969462568023,0.42006356778902665
288,0.19367032721334818,0.4200615732870999
289,0.19308508058539786,0.4200616973902056
290,0.19311707291389316,0.4200721100768262
291,0.19289630618626757,0.4201539234800126
292,0.19299128040686941,0.42015135894982975
293,0.19369985685233831,0.4201494041209136
294,0.1938530444741358,0.42019474298694215
295,0.19400936565286847,0.4206207723376
296,0.19370032389119682,0.42062155951151337
297,0.19384962653805998,0.4206200419460351
298,0.19328541059416915,0.42062114611143747
299,0.19327569916070791,0.42061463179414654
300,0.19358176903759108,0.4206154947719992
301,0.19324840497506396,0.42061502446411436
302,0.19294453409582005,0.4206123998391219
303,0.19274766293730666,0.42061496764350215
304,0.19333302322258933,0.4203980616328414
305,0.19346285274246358,0.42039952963160987
306,0.19410873739499301,0.42039707211788063
307,0.19374440767470227,0.4204009052964747
308,0.19391952525227135,0.420396569270578
309,0.19445612755780417,0.4203959641796479
310,0.1940476935434911,0.4203985122226925
311,0.1942535912431202,0.42040327806558586
312,0.1942966709739792,0.42038671824975093
313,0.19399594041471285,0.42037260828021816
314,0.19413887373347208,0.4203732223898896
315,0.1942515309168747,0.42008335956781034
316,0.19434493193357213,0.4200807001026005
317,0.19443715453231308,0.4200815070621374
318,0.19431424809647804,0.42007921152423877
319,0.19424118971387233,0.42007808987638773
320,0.19400920063248356,0.42008012730064215
321,0.19399433643954245,0.42012469128366386
322,0.19292203904431957,0.4201285112935535
323,0.19296636203039147,0.42012584726572066
324,0.1930367782712318,0.42012588043590016
325,0.19302143094701077,0.4201199325813353
326,0.19304980016316792,0.4201363090951089
327,0.19190302626100628,0.4201333801698636
328,0.191653240364512,0.42013244072469735
329,0.19284470831540118,0.4201304709212413
330,0.19317257006734273,0.42012969146913937
331,0.19293413630691872,0.4201305208069505
332,0.1926925656451272,0.42013196594410457
333,0.19227377773837268,0.42012733149046255
334,0.1921793417268397,0.4209005127311337
335,0.1925361975790091,0.4194996697546749
336,0.19192867093689575,0.41949737915849267
337,0.19176807885240127,0.41949981910629885
338,0.19148868558426704,0.41949839774922804
339,0.19084687388124086,0.41949817588802035
340,0.19075770825532362,0.41951623592706194
341,0.190815561811087,0.4195152134433389
342,0.19088637940795672,0.41951181850121094
343,0.18984499390579535,0.4195115056254387
344,0.18965241548094403,0.41892661562257105
345,0.18934850514791074,0.41892827771831664
346,0.1896084143552002,0.4189283009682846
347,0.18950632254633426,0.41888628040762377
348,0.18875902331206446,0.4188802641062451
349,0.1887417077100034,0.41887933658229964
350,0.18869805229008535,0.4180383482749308
351,0.1902496502109913,0.4180403910540793
352,0.19047281229328777,0.41804766761542045
353,0.19038573426011554,0.4180477207962392
354,0.189373578649348,0.41805465210155923
355,0.1895286195853457,0.4180615784799939
356,0.1885559589591382,0.4180586103548139
357,0.18823202322369276,0.41805677897903387
358,0.187857787171284,0.4180098994898107
359,0.18637900295052257,0.4180155599696853
360,0.18661139549813882,0.4180152739065539
361,0.18660081319551947,0.4180148499221959
362,0.18607245304088782,0.4180132347484865
363,0.18639221834122624,0.4180153240794052
364,0.18618227367999113,0.4180205156934981
365,0.18601094538178484,0.41802071455798845
366,0.1859828502173413,0.418021608923355
367,0.1858502535764515,0.41802220903256215
368,0.1857608097797625,0.4180278373425056
369,0.18626599180194664,0.41800880350409386
370,0.18543804498590105,0.4180078700588978
371,0.18543968591775917,0.4180998592440286
372,0.18497448289069504,0.4181304457131274
373,0.18518199155892281,0.41812682663466
374,0.1852224614452051,0.4181269250579479
375,0.18516046800477248,0.4181287223160345
376,0.1851569904001064,0.4181275068776641
377,0.18512734503596712,0.4181269810297506
378,0.18518258523967973,0.4181275239479554
379,0.18521480694067738,0.4181157654608751
380,0.1853410212710998,0.41811613384327806
381,0.18550994697488743,0.4181135758167386
382,0.18555361773222478,0.41811498298310645
383,0.18558133595469026,0.41811499645038097
384,0.18552172184193821,0.41811523267911344
385,0.1852761524343248,0.41811911003700253
386,0.1847491676378255,0.41810632548207904
387,0.18436281706313712,0.4181078684434351
388,0.18471728382030184,0.41810868109279503
389,0.1850981790561413,0.4181029798678158
390,0.1849752574216101,0.41810182534402107
391,0.18504913840422937,0.4181010850484436
392,0.1850875526857113,0.41810010147298005
393,0.1854613330325035,0.41809999036952494
394,0.18557056963109353,0.41809877465336254
395,0.18556820394271684,0.41809841739278947
396,0.18543881086402955,0.41809688836389647
397,0.1855663669414554,0.41809669719567905
398,0.1851691083437667,0.4180963985863205
399,0.18528015731534936,0.4181015424316078
400,0.18606779777229296,0.41810313675002797
401,0.1859844663912974,0.4181028157543884
402,0.1858752063574088,0.41810255479407565
403,0.18588984558454422,0.4181028264694585
404,0.18581895265111908,0.4181025149844566
405,0.1858682596445797,0.4177585026232194
406,0.18572846576919513,0.417929279484472
407,0.18499169809239263,0.4179276817626997
408,0.18497707697559826,0.41792914637057865
409,0.18520617358079194,0.4179299673930502
410,0.18520151593127065,0.4179293388602252
411,0.18520035197432952,0.4179279313559574
412,0.18506866215525347,0.4157868502200227
413,0.1847335174947901,0.4157852101162896
414,0.1847963817087634,0.41578622840694246
415,0.18477336102281408,0.4157856169729028
416,0.18492111392475527,0.4157859904117512
417,0.184789859487745,0.4159715076314775
418,0.18168573233783497,0.41596770444366815
419,0.18176172290392845,0.41596179222523544
420,0.18205984707517736,0.41596340855497854
421,0.18183501684292064,0.41596217351571046
422,0.18224026017923675,0.4159619861868925
423,0.182307039725431,0.4159607968641256
424,0.18219264711995892,0.4159613548909262
425,0.18248333475809295,0.4159279171307782
426,0.18229045525540763,0.41592799356198495
427,0.18228681561870982,0.4159372367983374
428,0.1816949250025355,0.4159373560005356
429,0.18104858933161255,0.41593650319796305
430,0.18105701631102405,0.41593634908354316
431,0.18136088279740492,0.4159352975618905
432,0.181462475530831,0.415920071924534
433,0.1814729243811049,0.41592124319287543
434,0.18157389230617657,0.415919547129346
435,0.18180659652034453,0.4159199259106252
436,0.18171598144305828,0.4159196974156175
437,0.18170286654545614,0.4159195605339475
438,0.18173586183098916,0.41591800159368936
439,0.18167666179964853,0.41592126800591955
440,0.1816168776851198,0.41592100165415574
441,0.18163893330343941,0.41593046481328216
442,0.1815232210668144,0.4159298537238477
443,0.18146964727414533,0.41592952766912383
444,0.18151394373196633,0.4159226198970078
445,0.1815202078089467,0.41592337729569245
446,0.1815277994336834,0.4159228871672361
447,0.18149509298287506,0.41481023749539825
448,0.18156350458353482,0.4148095241938793
449,0.18143323784104703,0.41493112985906155
450,0.18139474884217072,0.4149294957599782
451,0.18116168798552573,0.4149288067849842
452,0.18109123665515076,0.41530378779948196
453,0.1808920998089853,0.41530307277361417
454,0.1812015192874872,0.4153023896774165
455,0.1811972129277713,0.41514346525321627
456,0.1815493726082372,0.4151459403307272
457,0.18136753533112343,0.4151458211729122
458,0.18130723746303226,0.4151459339640807
459,0.18131078926151403,0.41514554894750083
460,0.18057192128063745,0.41514442995489514
461,0.180633230993215,0.41491642071538193
462,0.18036362361039318,0.41491580472149925
463,0.1806116219814265,0.414917007662134
464,0.18062633215311252,0.41491702187519575
465,0.18083854185579104,0.4149191497624525
466,0.18080773485890114,0.41491923600740266
467,0.17905476700688522,0.4149213518062397
468,0.17894064410313246,0.41492052406905644
469,0.1789133112531517,0.41492645600548617
470,0.1790775232835999,0.4149270487252405
471,0.179046430348472,0.41492728884156954
472,0.17833494902351418,0.4149267963339921
473,0.17825739182021946,0.4149266666854562
474,0.17835570744794962,0.4149270449627635
475,0.17827522239589716,0.4149598557538341
476,0.17843251683656514,0.414952077133949
477,0.1784541776413985,0.414952539635242
478,0.17847583970749653,0.4149609997831737
479,0.17723840285343545,0.4149619678879385
480,0.17674749354641503,0.41496209293720343
481,0.1767507223352835,0.41496257911192796
482,0.17706757339881465,0.4149615170293809
483,0.17698555591192464,0.414960937830082
484,0.17695519341115673,0.41495997684155783
485,0.17707273777670554,0.41496145734698003
486,0.17698292553160813,0.4149598013665644
487,0.17708007734528758,0.4149616563247057
488,0.1769499574142074,0.4150446958758039
489,0.1768514504175525,0.41504503789464753
490,0.17680428618842434,0.4150438034441887
491,0.17665124955989153,0.4149422723476935
492,0.1764242524748662,0.4149435065025594
493,0.176469459070514,0.4149433493895572
494,0.17651045653053143,0.4149447368099479
495,0.17642271290739897,0.41493670772863894
496,0.1763128421163387,0.4149364968396709
497,0.17611459683241765,0.4149348779184594
498,0.1760697097497597,0.41493477257136535
499,0.17613019818441236,0.4149352563189165
500,0.17612001144214876,0.41493516672622144
501,0.17628769185961607,0.4149481394583428
502,0.176794588277759,0.41494821153095424
503,0.17662655071881245,0.4148953235990174
504,0.17700105516640072,0.4148947269369362
505,0.17747386230845424,0.4149200859556122
506,0.17749486815854326,0.4149212877308397
507,0.17726845520990747,0.41492004486769857
508,0.17708825923396393,0.4149215196523384
509,0.17726375962662377,0.41490998780322386
510,0.17725005325397544,0.41491398162791404
511,0.17587443978391223,0.4149127879246497
512,0.17589086283959068,0.41491388841725324
513,0.17588486200961456,0.41491382780767133
514,0.17548925884688932,0.4148200182250415
515,0.17541764815757338,0.41482030755037363
516,0.17542273800428382,0.41482073515894047
517,0.17556060315214234,0.4148191313865312
518,0.17564500598455485,0.4148201835527555
519,0.175559507640563,0.4148192934838938
520,0.17541169114080662,0.4148180337820911
521,0.17549279659829134,0.41481841125314134
522,0.17552758110257316,0.41480805980151647
523,0.17540996855584562,0.4148063274358105
524,0.17539864093982788,0.4148055587328233
525,0.17535382558369844,0.4148059032716601
526,0.17484896456109694,0.41480545565143456
527,0.17421398737192456,0.41480432907080067
528,0.1741713322200677,0.41480473689980657
529,0.17404629303476296,0.4148052144466822
530,0.17376393772765297,0.4148053852802547
531,0.17382278960749853,0.4147927067566042
532,0.17380460316382937,0.41479221072381306
533,0.1740033663977934,0.41479254131622667
534,0.17398344164568474,0.41479132611343195
535,0.17407917647681592,0.4147922604600301
536,0.17405928008879137,0.4147919104742269
537,0.17407100651512875,0.4147915436684297
538,0.173084534028572,0.4145900768929233
539,0.17294592303914175,0.4146191983101056
540,0.17268488958549147,0.4146252065102184
541,0.17249940543026204,0.41462767369307363
542,0.1725008183925976,0.41462706074581457
543,0.17254194005593498,0.41462661550655966
544,0.17248510353039764,0.41464257360375856
545,0.1719266539743808,0.4146420199614371
546,0.17184921256886024,0.41464238062757863
547,0.1716641415999135,0.41464279806657495
548,0.17160586170289624,0.41464464078610774
549,0.1715166259218433,0.4146451753239072
550,0.17148089266133235,0.41464528828018254
551,0.17152893851975862,0.41465508756058533
552,0.17148195147314857,0.41464983378578013
553,0.17134648866551613,0.41464979795089274
554,0.17136092154377752,0.41464944059432207
555,0.17165622413838091,0.41463933051189894
556,0.17164878694454294,0.41463869134521597
557,0.17165916170477064,0.4146393998338378
558,0.171766904167945,0.41459767640062034
559,0.17149648204960583,0.41459718802035705
560,0.17144078592189574,0.41459693397325237
561,0.17138623636143685,0.4145970601766944
562,0.17124171949215264,0.41459620668538355
563,0.17013208459826354,0.4145962478960857
564,0.16992629176587654,0.4145970344538291
565,0.17040934908800853,0.4146001572897724
566,0.17020728609018182,0.4146002858987538
567,0.1696489966473093,0.4146000975267313
568,0.16966814578507364,0.41459901415656564
569,0.16966252854823446,0.41459860840324136
570,0.16969298864433907,0.4146001965173462
571,0.1697568307496122,0.41460041591914853
572,0.16994679719617342,0.4146007809533664
573,0.16996459730338925,0.4146010979148417
574,0.16994981143531457,0.4146020945910383
575,0.16937081990591268,0.4146016016266918
576,0.169410796369419,0.4145981337494808
577,0.1693442083319659,0.4145988973049679
578,0.16934235054491945,0.41459780855850026
579,0.16929084722343343,0.4145984217117006
580,0.16855449161124741,0.41460061805518295
581,0.1685705432147758,0.41460031346210063
582,0.16862464457372975,0.4145997511786292
583,0.16861665678076407,0.4145989162518647
584,0.16862809485104985,0.4146166965635027
585,0.16862408564668746,0.41461607396228384
586,0.1685916143983873,0.4146157964994012
587,0.16840328926366732,0.4146163335871484
588,0.16821860435429828,0.4146167863528671
589,0.16833392380832962,0.41461724805898115
590,0.1682875719164547,0.4146168362437147
591,0.16842084582888375,0.4146171772884202
592,0.16830494739904653,0.41461710677360547
593,0.16753142976325197,0.4146104216792705
594,0.1675620126365865,0.4146099302017034
595,0.16757143180059578,0.4146098293478221
596,0.16759444319110534,0.4146108395575211
597,0.16764284177538727,0.41461953222099013
598,0.16515331192704483,0.4146194797253747
599,0.16506330477916134,0.4146199243414765
600,0.16512289996668097,0.4146184356688568
601,0.16494455056674567,0.4146177981460979
602,0.16480457363021436,0.41461802621843213
603,0.16479473603421105,0.4146188963650901
604,0.16452625725455094,0.4146185583636132
605,0.16340243800882165,0.41461857664314994
606,0.16338235664961887,0.41461844182211005
607,0.1631396309602578,0.41461871197153066
608,0.16353877878454406,0.41462003102357625
609,0.16353041672097074,0.4146194039730278
610,0.16338510787355748,0.41462129784757373
611,0.16338968303332196,0.41460718496418336
612,0.16328032179249793,0.4146076690582897
613,0.16327471904935548,0.41460703974688223
614,0.16327742617361535,0.41460644799096585
615,0.16350066940383284,0.41460659042890324
616,0.1641299616122743,0.4146573577695173
617,0.16425058604243276,0.41465652826770444
618,0.16426043545079846,0.41466197078966094
619,0.16422775003228424,0.4146622641810354
620,0.16479348354286158,0.41477915551941624
621,0.16517149175862159,0.4147763239153292
622,0.1651136522971562,0.4147758596651336
623,0.16501411738315264,0.4147752495136611
624,0.16502833764784616,0.41477706883599225
625,0.1648807832849707,0.41477691344055073
626,0.164790112004276,0.4147766099184508
627,0.16478006534078332,0.4147774688266149
628,0.1650947033886236,0.41477713889471596
629,0.1650816653429308,0.41462755949806224
630,0.1651376866384835,0.41466999067062976
631,0.16516474537365441,0.4146695463937616
632,0.1651573966484896,0.4147216199680832
633,0.16524179261108649,0.4147364661218352
634,0.1651675840308749,0.4147365279934476
635,0.16406990248424788,0.41479720491268723
636,0.16416387159261833,0.414797618661924
637,0.16418185004908467,0.41479806960575133
638,0.1641639592831236,0.41479317239396796
639,0.16398952229033867,0.4147794829334003
640,0.16397649083543162,0.41477924354623985
641,0.1639991633966471,0.41477993751373116
642,0.16398254380656005,0.41478020783402164
643,0.16401216510150904,0.4147800673329276
644,0.16402596372250758,0.4147800611928073
645,0.1640231117425692,0.41478103920109766
646,0.1640414220670438,0.4146298680294371
647,0.16262406147753491,0.414630389344086
648,0.1626333947484666,0.4146461853904115
649,0.16292873362649676,0.4146465473249408
650,0.16310445546203872,0.4146465131423708
651,0.16316718015688964,0.41464057174712937
652,0.1631730460997131,0.41461423770792133
653,0.16285176943125074,0.4146142046119901
654,0.1629127484813976,0.41461453571448886
655,0.16252956765018228,0.41461370144479515
656,0.16259209264395308,0.4146129358247668
657,0.16258282951106307,0.4146130310636206
658,0.1624722948197024,0.41462288870205893
659,0.1624432358042297,0.414623113567577
660,0.16239157531213305,0.4145983610256644
661,0.16297112053201207,0.4145987848127725
662,0.1629409754806233,0.4145984186618762
663,0.16293345704821408,0.4145977218635973
664,0.16293311960057244,0.4145641636652617
665,0.1628337493931736,0.4145643816534264
666,0.1628651282923192,0.4145643273590232
667,0.16150781751252064,0.4145274984940729
668,0.16153498737938177,0.41452761687622663
669,0.1615452602393605,0.41452760835216995
670,0.16180541215698538,0.4145273904413528
671,0.16180410957360986,0.41446731323981173
672,0.16172810496940537,0.4144591126599567
673,0.1621419160778742,0.41445875597983867
674,0.1621547592878406,0.41445896520362596
675,0.16208070310176062,0.4144593568202228
676,0.16227911451474025,0.4144595776127541
677,0.16246208457226236,0.414459158888992
678,0.16229874045493262,0.41446801819193846
679,0.16231055881820242,0.4144681710613517
680,0.16226929338292567,0.4144675509872913
681,0.1622167143811673,0.4144685715446078
682,0.16208967077433864,0.41446658347660154
683,0.16200057853305666,0.41446712621188875
684,0.16199543668715685,0.41446675183100024
685,0.16199468836929673,0.41446665286811113
686,0.16202943120060562,0.41446600264673883
687,0.16204245524903946,0.4144667810698026
688,0.16205164354966722,0.41446690120645674
689,0.1609411678186635,0.4144667092186993
690,0.1609473198538442,0.4144664865557758
691,0.16089338366084582,0.4144671788229002
692,0.1608630012599978,0.4146524901488896
693,0.16077778237989,0.4146524252645932
694,0.1608254016520196,0.41417925561419155
695,0.16077897660694446,0.41417925193702726
696,0.16082830437100915,0.4141785415822145
697,0.16073872060439343,0.4141780923203887
698,0.1605864511342679,0.4141776059135832
699,0.16056486889663152,0.414177226819044
700,0.16045796869655776,0.4141775213135184
701,0.16002951353387773,0.4141736500887857
702,0.1600360145182365,0.4141731604178521
703,0.1599613630298485,0.41424424806291527
704,0.15997744091360538,0.41424430012148833
705,0.15993041578760975,0.41424440867890766
706,0.15993133775183427,0.4142316096013386
707,0.1599067214036523,0.41422564791099326
708,0.15989965686798785,0.4142256941181741
709,0.15990997776617216,0.4142179869995677
710,0.15972716920454066,0.4142179118435644
711,0.15974617122639226,0.4142220530461927
712,0.15974199355144983,0.4142239811418359
713,0.15978400872034246,0.41422382096257976
714,0.15981022263171385,0.41420984844149017
715,0.15967452505912935,0.4142095250112767
716,0.1592227392086341,0.41419710563767065
717,0.1592647661225201,0.4141971274255904
718,0.15927915456564343,0.414198963269479
719,0.15895985986808586,0.41419477054806775
720,0.15904862957107385,0.41419403098230445
721,0.1588315387673322,0.41419572615687406
722,0.15882175508578655,0.4141961420307031
723,0.158712215035258,0.4141956283761359
724,0.1586368660709479,0.41419451911215566
725,0.1585730438738465,0.4141945398047186
726,0.15833248878162914,0.4141942114542985
727,0.15832289012591444,0.4141940379286588
728,0.15809761575120024,0.41419356602345686
729,0.1576010869663313,0.41419374806477505
730,0.15762117689209215,0.41419347650668775
731,0.15731848677692906,0.414192878293416
732,0.15723057517306602,0.41410526201681586
733,0.1572603630660117,0.4141031601656082
734,0.15724130188996116,0.4141029604793687
735,0.1570279578361351,0.4141044879641977
736,0.1569659944302752,0.4141048600969536
737,0.1568677712797391,0.41410466895868236
738,0.1568810805216712,0.41410488463580625
739,0.15535421238056066,0.41410550538873603
740,0.15539202968830798,0.41420146178926476
741,0.15542801733515224,0.41420148797941436
742,0.15538087393408972,0.4142027675516542
743,0.15507761703845455,0.4142028002004314
744,0.15507920646489226,0.4142008391820543
745,0.1550769022510105,0.4142206081782711
746,0.1550468191444352,0.41422057031294013
747,0.15502636385386825,0.41422048776843595
748,0.154904944496874,0.41422042614002097
749,0.15485290820244413,0.4142207079704751
750,0.15485937745476905,0.41421380104207667
751,0.15486536629931097,0.414213737097403
752,0.1547302577331694,0.41421115511993634
753,0.1547509200350004,0.4141166632776181
754,0.1544154677881739,0.41411642115547886
755,0.15449759881460776,0.41408553071269305
756,0.15439505650712046,0.41408275817632967
757,0.1543894852631668,0.41408265615207374
758,0.15439037015731805,0.414081357615044
759,0.15438957436851425,0.41408139993666637
760,0.1544066953871382,0.41408130153742145
761,0.15444812905595265,0.41408162187167685
762,0.15412454475879417,0.4140819358629376
763,0.15414668878908808,0.4140814296525317
764,0.15402681590436812,0.4140812745640444
765,0.15402106343363167,0.4140813863064146
766,0.15396412202655102,0.4140820901098838
767,0.15370503652963957,0.41408259578235257
768,0.15366769086561857,0.41408256503391955
769,0.15367667863142764,0.4140827936057434
770,0.15377826836576775,0.4140819579750377
771,0.15378006875817568,0.4140821095660014
772,0.15378579277416518,0.4140824851671587
773,0.15378998625769674,0.4140825755228962
774,0.15393531026239535,0.41408267611715804
775,0.15402362558201582,0.41408363112040164
776,0.15329534605796918,0.41409083164774285
777,0.15364010999288663,0.41409078716101577
778,0.15382681065119178,0.4140909337364042
779,0.15385886900318801,0.41409076457655647
780,0.15367268257989686,0.414090678737751
781,0.15359779871220164,0.4140908748734091
782,0.153629950676632,0.4140903770236795
783,0.15376222586642185,0.4140888493085485
784,0.15373311204174228,0.41409093806966285
785,0.1539286074110102,0.4140914220330785
786,0.15397232151780935,0.41409201310799293
787,0.1539661799075023,0.41409201598241496
788,0.15393511094996964,0.4140925208776136
789,0.15393611308295957,0.4140925594865449
790,0.15391848819136528,0.41409260371641904
791,0.15378894069710186,0.41409271883861926
792,0.15374917321964957,0.4134162642572652
793,0.1531741285247413,0.41251718959497696
794,0.15310289800225402,0.4125198762993948
795,0.15309545670292773,0.41251994645649015
796,0.15302489680598447,0.41252026767760813
797,0.15303083539684076,0.412520456932132
798,0.15308413835246665,0.41252070678373876
799,0.15311469136500727,0.41252005851480467
800,0.15373991575891438,0.41251991585119113
801,0.1536977569509183,0.41252018189316697
802,0.1537003903380279,0.4125155678962196
803,0.15375672402799792,0.4125154908378569
804,0.15375820365956336,0.4125161712951525
805,0.15394246160543884,0.412516622893169
806,0.15393202802525602,0.4125163018582006
807,0.15398163392676695,0.41251622420756584
808,0.15395379400967796,0.4125164465219574
809,0.15406687217171472,0.41251698621619237
810,0.15405068842550018,0.4125158649599939
811,0.15404163726561446,0.4125160813906795
812,0.15389533637858988,0.412520233665136
813,0.1536350674478929,0.41252008076808766
814,0.15368917634443358,0.4125199572426131
815,0.15368877019326121,0.41251990493682034
816,0.15362065738814742,0.41252008107368543
817,0.15356819580693934,0.4125195898496788
818,0.15357327645698787,0.4125114729560078
819,0.15371456748716658,0.4125110553684236
820,0.1537066921678657,0.4125149196549874
821,0.15392281315230144,0.412512995644753
822,0.15367438335839834,0.4125125184556403
823,0.1536843053122323,0.4125129570701862
824,0.153696793809891,0.4125121423327928
825,0.1536905970534465,0.41251223034794593
826,0.15369639296158266,0.41251210227177204
827,0.15364877586469822,0.4125114197227447
828,0.15294595040372078,0.4125151517108268
829,0.15295748811794876,0.41251313225159886
830,0.15292104147621868,0.4125130573302271
831,0.15309657956929482,0.41251295306086977
832,0.15309639432583394,0.41251345752269497
833,0.1532403546626993,0.41251342069040176
834,0.15319374275008976,0.4125122709839726
835,0.15323483686539205,0.4125081647222187
836,0.1531979450482091,0.41250601887980143
837,0.15321963812332556,0.4125060141191126
838,0.1532100698983157,0.41250591282791715
839,0.1536669055089489,0.41250621735955645
840,0.15364584690352132,0.41250610707881724
841,0.15363225530301453,0.41250573501223115
842,0.153612579264138,0.4125360837200627
843,0.15360551499123104,0.41253600645210486
844,0.15365760566474734,0.41253667624608986
845,0.15383206281235223,0.4125363184466823
846,0.15380004893150417,0.41253616183593944
847,0.15372426768308856,0.41253610382404576
848,0.15256943752134566,0.412535742099749
849,0.15247342912489173,0.412534161935879
850,0.1525057911291995,0.4125337288979729
851,0.15243603260554678,0.412533702778776
852,0.1524295871557922,0.4125334880368089
853,0.1524214607954863,0.4125423994904153
854,0.15242467213741556,0.4125396354570337
855,0.15173462119178543,0.41253936567053245
856,0.15167173718308063,0.4125392694785856
857,0.15171832192887666,0.4125391786476226
858,0.15170830795016393,0.41253911427588336
859,0.1517082284520025,0.4125282703071956
860,0.15170373469494008,0.4125283530057682
861,0.151724065148158,0.4125281451217734
862,0.1514786649915894,0.4125280622936124
863,0.15146889346304057,0.41252903269857805
864,0.15143425462010873,0.4125289910440257
865,0.15143593611508824,0.4125287931826116
866,0.15150034232685214,0.4125235969642671
867,0.15159375760314758,0.4125234522518987
868,0.15159143671873015,0.4125233457344941
869,0.151598974160282,0.41252285637776465
870,0.1514985101906747,0.4125229194605785
871,0.15139760125033758,0.41252263916377574
872,0.15139034384212993,0.4125229111664156
873,0.1510370901120918,0.41252277522333197
874,0.15103944172587636,0.41252282756202374
875,0.15107427069912382,0.4125226047734962
876,0.15106588387448522,0.41252267815232013
877,0.1511131944245218,0.41252284200351036
878,0.15117906352927368,0.4125225886556363
879,0.15110791947946828,0.4125229211691825
880,0.15108920227277742,0.412522752589188
881,0.15112056987253858,0.41252279759385424
882,0.15109506272504616,0.4125230745863819
883,0.15108961051493217,0.41252360749539363
884,0.15093132860175817,0.41252323963409543
885,0.15089974594793398,0.4125235136781519
886,0.15096951057344474,0.4125235890107562
887,0.1509375787395119,0.41252348584826465
888,0.1510054370543894,0.4125238760198041
889,0.15073547096752055,0.4125245291959697
890,0.15073329983954123,0.41252436314323154
891,0.15060641239355746,0.4125244215796058
892,0.15050246708448134,0.41252458689592364
893,0.15052091586548594,0.41252440612976315
894,0.15059417603107,0.41252434818901396
895,0.15060169198713072,0.4125245766157746
896,0.15059606875092338,0.41252470338731123
897,0.15056614307157773,0.4125245142272241
898,0.1505659278668388,0.41252403509445124
899,0.15059901678220017,0.41252382537824783
900,0.15057991346387817,0.41252353076950554
901,0.15057849588425348,0.41252371544808436
902,0.15036960082400136,0.4125233781817782
903,0.15039302128828658,0.41254060310920576
904,0.15038617619354128,0.41254049166024415
905,0.15034973392117437,0.4125405113905941
906,0.15003898984036165,0.41254089372590713
907,0.14995845847390213,0.41254093906098943
908,0.14995134341516145,0.41249853355907107
909,0.14994161420893656,0.41249870644896525
910,0.14996722870777351,0.41249858863793143
911,0.14996869482563185,0.412498198836637
912,0.14975985696596822,0.41246842353407676
913,0.14975260733564807,0.4124683452495191
914,0.15003940925979165,0.412468374293235
915,0.1500347629560079,0.4124687033855855
916,0.15003281750329592,0.41246912907768013
917,0.1500283753663475,0.4129634385427958
918,0.15002010241447966,0.41296385691036547
919,0.15006852563140333,0.4131259994294408
920,0.14997367479456455,0.41312581681275073
921,0.14988422874920018,0.41312618980018956
922,0.14989370726542225,0.41312614056378527
923,0.14990378995256143,0.41312598955086005
924,0.14979616425686346,0.41312837804448205
925,0.14978070047501826,0.41312609272054457
926,0.14977894431727792,0.4129096358936846
927,0.14977073835818006,0.41290967139201884
928,0.14971384924919326,0.41291021542294715
929,0.14971859666038265,0.4129103454196308
930,0.14972849147685469,0.4129103655858938
931,0.14972784692828525,0.412910277344559
932,0.1497633175090523,0.4129104215043592
933,0.14952490242999622,0.4129101801512614
934,0.14960711671215926,0.4129102966620918
935,0.1497431633730589,0.41291024402590504
936,0.14971565133875184,0.41291011367852004
937,0.14975792028388146,0.4129101407505783
938,0.14975717159044052,0.4129101041911271
939,0.14975613650079564,0.4129097445106688
940,0.14975783527581968,0.41291006625758736
941,0.149758294082506,0.4129098157863046
942,0.1497692567565983,0.4129099535388387
943,0.1497679145591945,0.41302573747154075
944,0.15001815203762395,0.413025833156187
945,0.15049539042660515,0.4130257527248225
946,0.1505329047700351,0.4130259307386228
947,0.15054885237790389,0.4130257477049553
948,0.15053694656777492,0.4130255668354425
949,0.1505375902735065,0.4130254426101094
950,0.15051199438275736,0.4130254406890083
951,0.15051568134541185,0.41302501552420756
952,0.1505151540777069,0.41302499295235623
953,0.1505039356060603,0.41302493643769944
954,0.150395100063216,0.4130246717696969
955,0.1503578229999951,0.41302427314404333
956,0.15005987855159963,0.4130245044604764
957,0.15004163670886236,0.41302459241069506
958,0.14998056352240824,0.41302473238150306
959,0.14997991699276594,0.4130246704180006
960,0.14997166837916948,0.4130245641459104
961,0.14998674001980966,0.413024471952587
962,0.14998266129023194,0.4130244400388145
963,0.14998971348351248,0.41302435228397033
964,0.14969572222793004,0.41300597892707663
965,0.1494406638688906,0.41300592602358827
966,0.14942586585971168,0.413006214360519
967,0.14954722250285926,0.41300627547198987
968,0.14950355394471604,0.4130060899131319
969,0.14949345372490894,0.41300603714924017
970,0.14824834417655006,0.4130061001610926
971,0.14823746798381054,0.4130061028227911
972,0.1482298326182137,0.41300598944068356
973,0.14845539775970612,0.4130064806864334
974,0.14839265042861172,0.4130066231916182
975,0.1482644806553193,0.41300684957104217
976,0.14810461328723357,0.4130067939562946
977,0.1480916477545309,0.4130068451736896
978,0.14765699673276336,0.4130066112123464
979,0.14767835848349312,0.41300659656441185
980,0.14769780646255173,0.41300670452357463
981,0.14750160739229062,0.4130066793758821
982,0.14703049346097155,0.41300766556667245
983,0.1470291790350618,0.41300767200748095
984,0.14703516568029057,0.4130077902748255
985,0.14696263861490472,0.4130076557022736
986,0.14682069679818138,0.41300773495200377
987,0.1468239473953904,0.41300769910978474
988,0.14682137755469848,0.4128871172326356
989,0.14682036531390624,0.41288735908328783
990,0.14685095104579665,0.41288681892637974
991,0.1468523538765113,0.41288671194780485
992,0.14686595557422838,0.412886834004754
993,0.1467929159936187,0.4128871254275624
994,0.14678460050711625,0.412886889299232
995,0.14679604717202072,0.4128865360065877
996,0.14679503161387536,0.41288686138486747
997,0.14680607649346103,0.4128873335387486
998,0.1467937037758278,0.41288756037690383
999,0.1467973471770932,0.4128876492743848
1000,0.14679453607971588,0.41289064138575265
1001,0.14680871724783062,0.41289082813767874
1002,0.14624585392276856,0.41289062233050144
1003,0.1462559675327413,0.41289066568836735
1004,0.14625104331508826,0.4128606740666962
1005,0.14625048140716387,0.412860619377145
1006,0.14624849287433359,0.41286078945787025
1007,0.14620616518514934,0.4128607835347088
1008,0.1462446293565651,0.4128606345948782
1009,0.14624650769274675,0.412860822789883
1010,0.14677798726178065,0.4128608420262684
1011,0.14678067335400288,0.412846673290295
1012,0.14663092191444949,0.4128195612865606
1013,0.1460513647531027,0.4128190805458211
1014,0.14599688710306516,0.41281886342019575
1015,0.1459733534477787,0.41281883506294353
1016,0.14599245236443414,0.4128190064370975
1017,0.14601113118170433,0.4128189593238011
1018,0.14595854063871677,0.4128193602182587
1019,0.14594450824488464,0.41281956723879326
1020,0.14601908332235622,0.4128196321257615
1021,0.14600950761680725,0.41281964426718226
1022,0.14579421844029372,0.41281986300733
1023,0.1458191033901585,0.41282009419965393
1024,0.1458038633577427,0.4128203860886983
1025,0.14581196809878216,0.4128202774205147
1026,0.14580661415168258,0.41281988960936317
1027,0.14580526498391966,0.41252881991116686
1028,0.145769455160366,0.4125287213269493
1029,0.1457460400941442,0.4125286042980959
1030,0.14573824957803191,0.412529069595569
1031,0.14577671656984303,0.4125292718945991
1032,0.1456878337769424,0.41252916960807096
1033,0.1456789470674787,0.4125291596085992
1034,0.14566315867890628,0.4125293409667858
1035,0.14551909232390658,0.4125293398929755
1036,0.14548844198738844,0.4125291083121315
1037,0.14552489747427844,0.4125290836665883
1038,0.14501201897598123,0.41252893546324254
1039,0.1450024530482337,0.412528731369126
1040,0.14505219101725703,0.4125286265916944
1041,0.14506476213428665,0.41252895456353905
1042,0.14502140590173299,0.4125289336779507
1043,0.14508121740394075,0.41252884834756837
1044,0.14507965883233626,0.41252881350309806
1045,0.14508504230004549,0.4125288270798074
1046,0.14511936224599237,0.41252953947398885
1047,0.1450384887106682,0.4125296970317809
1048,0.1450406589850579,0.41252963259640846
1049,0.14503683058127798,0.4125261747556356
1050,0.14504153584515916,0.4125261960638554
1051,0.14512880067354603,0.41252646165938434
1052,0.1450559775890835,0.41252652383565475
1053,0.14511631115960635,0.4125264726189126
1054,0.14511031203704558,0.41252645670894816
1055,0.14499799929692223,0.4125267088617267
1056,0.1446821945400087,0.41252694135641743
1057,0.14501293283661296,0.41252668755009714
1058,0.14499450006117023,0.41105486714061196
1059,0.14465930932437404,0.4110547274873368
1060,0.14483908199101575,0.41105465574292677
1061,0.14479827379988983,0.41105459498787467
1062,0.14481024756136665,0.41105444328629553
1063,0.14480227165724388,0.41105449239029246
1064,0.14469797030271744,0.4110567889524062
1065,0.14468001606227937,0.4110568807230842
1066,0.14469242793841527,0.4110567578430616
1067,0.14406065537478635,0.41105673559536066
1068,0.14405908102070544,0.41105669993562016
1069,0.1440604269572232,0.4110583378877172
1070,0.14406131112256104,0.411058225708946
1071,0.14406321285014118,0.4110582049233435
1072,0.14406699945003687,0.4110580754529497
1073,0.14406567257470596,0.4110581130131094
1074,0.14406822042401315,0.41105801959188176
1075,0.14407271692575588,0.41105828165468383
1076,0.14409686587851686,0.41105826401890055
1077,0.14407302725051915,0.41105826268276136
1078,0.14396359418137528,0.4110581803753954
1079,0.14395419779394852,0.4110582708503733
1080,0.14419439100308265,0.41105828847496617
1081,0.14418497179556902,0.4110584801846781
1082,0.14428128621415534,0.41105849309296205
1083,0.14427438725462913,0.4110583692727096
1084,0.1443584306307195,0.41105832775224566
1085,0.14435561153556356,0.4110583516590065
1086,0.1443427934674814,0.4110580112166228
1087,0.14434072438753925,0.4110580963382232
1088,0.14433559869626292,0.411058216390846
1089,0.1445018862773913,0.41105823741605335
1090,0.14438396475011134,0.4110707339787961
1091,0.14435263662832382,0.411071232322384
1092,0.14423197569041918,0.4110708672247321
1093,0.14422071145923832,0.41107085086225564
1094,0.14422638517561287,0.4110704822573926
1095,0.14405547728212484,0.41108049115643597
1096,0.14414720810869652,0.41108080156056176
1097,0.1441050873839062,0.4110807963284362
1098,0.14409409002828943,0.41108080790735224
1099,0.14405422570488755,0.411081021442134
1100,0.1441138553140539,0.41108106649464216
1101,0.14403219047741272,0.4110807302965792
1102,0.14409637240271364,0.4110807242590572
1103,0.14402243958662606,0.4110806404575845
1104,0.14401322984721163,0.4110685137126608
1105,0.14400550493484424,0.4110684500836113
1106,0.14408582317415644,0.41106874965141077
1107,0.14410694589089018,0.4110689827346653
1108,0.14410947620283382,0.4110689978958004
1109,0.1441468496149913,0.4110692605994643
1110,0.14412720126246423,0.41106557223127566
1111,0.14419304591366,0.4110653490859989
1112,0.14491876363962847,0.4110655102031643
1113,0.14486043681062477,0.4110655747443343
1114,0.14479485521000718,0.41106546239149877
1115,0.14480985245594297,0.4110647368953953
1116,0.144793476075874,0.4110647820528177
1117,0.14478478019119995,0.4110649403878656
1118,0.14479678150700404,0.4110648412519973
1119,0.14489219335773443,0.4110647135008458
1120,0.14487883347883818,0.411078188550788
1121,0.14486636451096496,0.41107806497776744
1122,0.14487435151619174,0.4110784803491252
1123,0.1448695991826751,0.41107857443105233
1124,0.1448540507300504,0.41107861196328815
1125,0.14495903430547466,0.41107858119000723
1126,0.1449663574093431,0.41112983664593195
1127,0.14495404752042013,0.411129896510371
1128,0.14497284725132328,0.4111299492416637
1129,0.14496423049951013,0.41112994235185046
1130,0.14494386690680122,0.41112970524576314
1131,0.14491814292062724,0.41112991821670175
1132,0.14486519047765467,0.4111300461898325
1133,0.14481036969938177,0.41112974707755595
1134,0.144808632978554,0.4111298120721176
1135,0.14480180257721725,0.41112805720863255
1136,0.1448015889903397,0.41112805855020307
1137,0.1447693280608575,0.41112783073373416
1138,0.14477314566654062,0.41112765474989665
1139,0.144765685997976,0.4111279371514164
1140,0.14479380404322587,0.41112768664604166
1141,0.14474342856768682,0.4111276505944382
1142,0.14473439736743135,0.411127425852362
1143,0.14475298677484966,0.41112738755783207
1144,0.14478449525990866,0.411131267347146
1145,0.1449597136774334,0.41113119226037964
1146,0.14495607213696657,0.4111313599695395
1147,0.14479195686095975,0.4111313422987024
1148,0.14480370618170155,0.4111311179980251
1149,0.14480803369847162,0.41111940779798645
1150,0.1448079035118517,0.4111195968315079
1151,0.14483188153543586,0.4111196799247356
1152,0.14488548858293163,0.4111195562806943
1153,0.14485075221582042,0.4111195317553641
1154,0.14483831054095936,0.4111194447364562
1155,0.1449383200993769,0.41111966156369706
1156,0.14490088981630395,0.41111932742989277
1157,0.14502078510275201,0.4111174999568866
1158,0.14502755068850134,0.4112320042060187
1159,0.14503773824745905,0.4112321716140837
1160,0.14494469189909215,0.411232235602338
1161,0.14504837739776938,0.4112322995289544
1162,0.14523149691937284,0.41123192107750806
1163,0.145236978278063,0.41123077529127283
1164,0.14524378890707376,0.4112306228849496
1165,0.14524696011029342,0.41123081831045544
1166,0.14524231104401678,0.41123327826824585
1167,0.14526401406306982,0.4112332286179793
1168,0.14502414255331758,0.411233351462131
1169,0.14501584463292702,0.4112332378350342
1170,0.14503050779161453,0.411233384868989
1171,0.145022597757694,0.4112302538516735
1172,0.14501274479323784,0.4112301447719692
1173,0.14501817020285906,0.4111734479180992
1174,0.14509078277505866,0.4111737787361843
1175,0.14506853784507498,0.41117351252384715
1176,0.1449873642016777,0.41117343891588165
1177,0.14499140428395008,0.4111742723098718
1178,0.14498528175605033,0.41117414921457396
1179,0.1449807784570539,0.41117432110126
1180,0.14498413402458515,0.4111742788458847
1181,0.14495343611072736,0.41117416452452804
1182,0.14496810909062302,0.4111741553678689
1183,0.14495782976309984,0.4111743123448317
1184,0.14495704150702288,0.4111746488451704
1185,0.14494642690384477,0.41117450814321843
1186,0.14498397390468712,0.41117445848792694
1187,0.1450507973193092,0.4111745358682133
1188,0.14498435100368487,0.4111743704344284
1189,0.1449686076175079,0.41117433508391554
1190,0.1449482663159532,0.41117407690970553
1191,0.1447457351067977,0.41117393607225916
1192,0.1447600006757656,0.41117412933848757
1193,0.14478311468071747,0.41118491063648366
1194,0.14476448765395772,0.41118490050987055
1195,0.14452268777805388,0.41118483530390904
1196,0.14450502692508327,0.4111848094687579
1197,0.14450167399966093,0.4111849624694502
1198,0.1444617325960074,0.4111770302356856
1199,0.1445156332708643,0.4111771848690081
1200,0.14436180464259762,0.41117700539721247
1201,0.144352771262673,0.411176921386898
1202,0.14435318461619134,0.411178394836688
1203,0.1443109430777168,0.41117836459739615
1204,0.1442923830622087,0.41117861892838015
1205,0.14422420217522885,0.41117823354514577
1206,0.14421609438240499,0.41117819292825375
1207,0.14420884507679066,0.4111782216368748
1208,0.14409007769641752,0.4111783828061871
1209,0.1440861060616287,0.4111781484743613
1210,0.14408549372284002,0.41117987765043107
1211,0.14474947931104892,0.41117951339741
1212,0.1447551219017087,0.4111793609690674
1213,0.14477783785429305,0.4111793231772781
1214,0.14477891709566795,0.4111795326730074
1215,0.14478012517865854,0.4111797488468184
1216,0.1452689695695542,0.41117959269354476
1217,0.1453176068541987,0.41117798180982923
1218,0.1453124432977892,0.41117810617872746
1219,0.14530540169512393,0.41117795546601366
1220,0.14530351589883658,0.4111778858330822
1221,0.14529488190043316,0.4111778333281137
1222,0.1452532669745137,0.4111779641602835
1223,0.1452253539644831,0.4111780018528354
1224,0.14514893401890286,0.4111780585990584
1225,0.14515213831400436,0.41117825386922996
1226,0.14519040517881687,0.41117832351016403
1227,0.14524801552527467,0.4111785401007146
1228,0.14521601492425973,0.41117848330932655
1229,0.14522018150785185,0.411178569062462
1230,0.1452159764212454,0.41117869290925074
1231,0.14521824106873393,0.41117864605806276
1232,0.14518707928302912,0.41117856634235467
1233,0.14519843081365202,0.411178513176959
1234,0.14519591817096514,0.41117846850913137
1235,0.14524644996048958,0.41117864183783004
1236,0.14524513023881938,0.4111785505423904
1237,0.14528430072726822,0.41117873259832755
1238,0.14528018451264862,0.41117891946626306
1239,0.14528820896531638,0.4111791278010114
1240,0.14528235244029816,0.41117908362491884
1241,0.14528352145968854,0.4111791983576051
1242,0.14531124933999756,0.41117928961795264
1243,0.1453039230901716,0.4111793954147892
1244,0.1453249486770945,0.4111792737753041
1245,0.14531725346287389,0.41117935406211303
1246,0.14538450194308183,0.41118439362135567
1247,0.14538416903094167,0.41118444700093465
1248,0.14551485069044265,0.4111825004318351
1249,0.14550947860447933,0.41118194754084947
1250,0.14555151770207173,0.4111818269263514
1251,0.14555129412507334,0.4111816436459407
1252,0.14552881312341504,0.4111815782338596
1253,0.14556022249541317,0.4111816185294187
1254,0.14555406634277718,0.41118398015113655
1255,0.145553917323261,0.41118387276062374
1256,0.14555906375662958,0.41118371989945335
1257,0.14569276350098798,0.4111836758823465
1258,0.1456825255795677,0.4111838284324027
1259,0.14568164439689765,0.41122745853023446
1260,0.14561645683498942,0.4107689578966102
1261,0.1456163123605883,0.41076896122240597
1262,0.14561565064620052,0.41076906322528545
1263,0.1455619577042468,0.41076927102222943
1264,0.14555877351886187,0.41076926110672174
1265,0.14577296309177384,0.41076913214129307
1266,0.14572794161392283,0.4107689136789648
1267,0.1457273410395169,0.4107687514295346
1268,0.14573063779094503,0.4107655164596653
1269,0.1457200000473631,0.41076563498900365
1270,0.14517743603661054,0.4107654195120333
1271,0.1451890293170734,0.410765286591089
1272,0.1451510663038938,0.41076523214671445
1273,0.1451522084885831,0.4107651488669376
1274,0.14515428314930462,0.41076306935550966
1275,0.14526217065215596,0.4107631317176164
1276,0.1453200714199435,0.41076313504909745
1277,0.14532621791570047,0.41076307725776695
1278,0.14527949447851587,0.41076331269127825
1279,0.14533194624124757,0.4107637086124808
1280,0.14533776346182053,0.4107634814463975
1281,0.14533805849185016,0.41076339482192986
1282,0.14533859979340652,0.41076348225388665
1283,0.14533202538188691,0.41076316916903466
1284,0.1453395388901429,0.4107631313503456
1285,0.14533742792614002,0.4107633414108765
1286,0.1453531131804564,0.41076344418581484
1287,0.14538582349091933,0.4107634665800954
1288,0.14538510940144458,0.41076341791628385
1289,0.1453641324297636,0.410744844041932
1290,0.14531774836379824,0.4107449841363591
1291,0.14534963165854337,0.4107450655288282
1292,0.14527240555486537,0.4107451947129913
1293,0.14527127005935897,0.4107451954266191
1294,0.14512986047895504,0.41074507854384396
1295,0.14498471801629728,0.41074518465934623
1296,0.1449902638468054,0.41074489812331105
1297,0.1450092156716116,0.41074480968980326
1298,0.14504100059260364,0.4107450456423396
1299,0.14489143734643078,0.41074467958564115
1300,0.14488823714656757,0.4107447312965177
1301,0.1449140970608646,0.4107447447182432
1302,0.1448269145673213,0.4107445770159105
1303,0.14484489710193946,0.4107445576556441
1304,0.1448483499275942,0.4107445372027616
1305,0.14484209440272822,0.41074439116689493
1306,0.14484926520729266,0.4107446370670135
1307,0.14485837878285085,0.41074437138281494
1308,0.14486943962871698,0.4107443681743247
1309,0.1449138090761481,0.4107442729620202
1310,0.1448827682101713,0.4107441730672602
1311,0.1448845738100523,0.41074417429412663
1312,0.14499200526959588,0.41074428978696575
1313,0.1449429974967817,0.41074428958056125
1314,0.14492306540805044,0.41074423923201897
1315,0.14476909236064506,0.4107442214368078
1316,0.14479151509846336,0.4107441402399009
1317,0.14477357888678394,0.4107439794459566
1318,0.14482315814528152,0.4107440115753893
1319,0.1447938418858597,0.41074377276172863
1320,0.1447938338780745,0.4107437998819602
1321,0.1448012314733477,0.41074398029338904
1322,0.14483907496069165,0.4107439869324761
1323,0.14560860367340103,0.41074400966702046
1324,0.14561288948988296,0.4107443483308056
1325,0.14560498003304384,0.4107443672715158
1326,0.1456066781036063,0.41074446378805857
1327,0.14553088526219576,0.41074446478203586
1328,0.14550168635650002,0.4107444553050047
1329,0.14541600704354446,0.410751786704766
1330,0.14539826467507735,0.41075159354174196
1331,0.14537797517489343,0.41075159980910136
1332,0.14554461362579008,0.4107513719683862
1333,0.14554039036036878,0.41075021053210153
1334,0.14557551908139632,0.41074975792478163
1335,0.14546858757775974,0.41074972500396073
1336,0.1454643588258502,0.4107498040802667
1337,0.14544054115500837,0.41074994952838473
1338,0.1454336255597071,0.41074997214354647
1339,0.145432020303418,0.4107501596813
1340,0.14542292346359365,0.41074982383942
1341,0.14530903295858075,0.41074974231774164
1342,0.14530835145354465,0.4107496193980887
1343,0.14528657419641047,0.4107520959643275
1344,0.14525768174801232,0.4107518755932061
1345,0.14525049852072114,0.41075172579966057
1346,0.14524297192139118,0.4107518208461632
1347,0.14521572239834651,0.4107518034056595
1348,0.14520031341248668,0.41075153669543657
1349,0.14534039470292792,0.41075129323639753
1350,0.14533855074210802,0.41075127437471537
1351,0.14533342805445773,0.41075127423112157
1352,0.14531266861413844,0.410751134359161
1353,0.1453388946639797,0.4107476561411307
1354,0.14532254539111575,0.4107476033320189
1355,0.14532061211164307,0.4107450299574201
1356,0.1453261673364034,0.41074495458860244
1357,0.14532378404976912,0.410745127352942
1358,0.1453264028647017,0.4107452855147365
1359,0.14531948316051374,0.41074392558456285
1360,0.14532084776686194,0.41074513371572935
1361,0.14532143393522273,0.41074540565436274
1362,0.14531622855661705,0.41074553675573594
1363,0.14531304850861004,0.41074537691059654
1364,0.14531534304027957,0.4107454157449328
1365,0.14530305589758033,0.4107452584345689
1366,0.14535015067895665,0.4107451735771133
1367,0.14527743487169437,0.41074521768781497
1368,0.1452154144806787,0.41074525326762235
1369,0.14524866344152376,0.41074532790134644
1370,0.1452517759134406,0.41074528699488244
1371,0.14524386124906327,0.4107452299705921
1372,0.14514632151136458,0.41034089073440405
1373,0.1451512380312347,0.4103409663404534
1374,0.14513824200963282,0.410340917232337
1375,0.1451524906652203,0.41031476447346904
1376,0.14510819879634357,0.4103148261949795
1377,0.14509287753360844,0.41031489981701
1378,0.14502833671045606,0.4103147376193762
1379,0.14512172552783814,0.4103146069876005
1380,0.14515771975903424,0.41031440555288984
1381,0.14515530601353474,0.4103143260026891
1382,0.14515628200548877,0.4103143074095601
1383,0.14516058516937277,0.41031402501785263
1384,0.14516552653795525,0.4103137432828891
1385,0.1451742019356586,0.4103138140028385
1386,0.1449541808352594,0.410800479328935
1387,0.14481931667067172,0.41080047090326177
1388,0.144906206505486,0.41080032695357704
1389,0.14485415128508378,0.41080028944265673
1390,0.1448598443375016,0.41080030533990797
1391,0.14485384652599903,0.4107985307732321
1392,0.14485221269088516,0.41079852290067553
1393,0.14488727637177037,0.4108082791121479
1394,0.14490626043054727,0.41168441071100065
1395,0.14484465206216007,0.4116750597975664
1396,0.14504833785552396,0.4116693851162057
1397,0.14504581262442695,0.41166936161031964
1398,0.1450464693943002,0.4116694187123603
1399,0.14504548015984817,0.41166950462051843
1400,0.14504766489565543,0.4116695628586659
1401,0.1449800521423771,0.41166943348393836
1402,0.14497510988754692,0.4116761137922612
1403,0.14496965243076293,0.41167593572283206
1404,0.1449698295703264,0.41167590665937315
1405,0.14497268833783278,0.4116759190899545
1406,0.1449719832923448,0.4116800778404183
1407,0.14497029438289671,0.41168010208622724
1408,0.14497217532786077,0.41168005099909755
1409,0.14497152113667175,0.4116799991100997
1410,0.14497006059912956,0.411680093534948
1411,0.14491798508522746,0.4116805243451914
1412,0.14495812214263543,0.41168039090519254
1413,0.1455024210858847,0.411686231442019
1414,0.14550342263685598,0.41168636213360565
1415,0.14549922132660234,0.41168638670826274
1416,0.14550252841063577,0.41168652675097117
1417,0.14550067835034744,0.4116865240382645
1418,0.14549895130231127,0.4116864863105877
1419,0.14549931599603674,0.411686647541919
1420,0.14552953584236855,0.4116866967539846
1421,0.14563267384206272,0.4116865776382336
1422,0.14550228395902323,0.4116864030333966
1423,0.1454983131475625,0.41168663235849656
1424,0.14554000063085465,0.41168660851961836
1425,0.1455625013304213,0.41168660152586833
1426,0.14556458337596556,0.4116865826704762
1427,0.1455420848473648,0.4116865140603213
1428,0.14553851484058716,0.41168649196606627
1429,0.1455346515975956,0.411686329272644
1430,0.14551557682181113,0.41168620665722255
1431,0.14576662292480583,0.41168632309204406
1432,0.14611428297370183,0.4116862315769648
1433,0.14611768717553728,0.41168607218635556
1434,0.1461183230483681,0.41168608637989984
1435,0.14613456033062194,0.411686180767773
1436,0.1461220058643911,0.41168633038973307
1437,0.14609275856070508,0.41168643460364934
1438,0.14529812454514987,0.4116864834811741
1439,0.14525187515760302,0.4116864510625085
1440,0.1452448215115908,0.4116865547216498
1441,0.14523303463091186,0.41168657041338336
1442,0.14522442049127446,0.41168656971491313
1443,0.14522287549091054,0.41168643710070274
1444,0.14521186314364962,0.41168638316682626
1445,0.145095655599871,0.4116864499486449
1446,0.14521654698899217,0.4116863428518068
1447,0.14521834960072935,0.41168659793868406
1448,0.14522210962388052,0.41168651375330567
1449,0.14513029850948875,0.41168642567069497
1450,0.14512031006591067,0.41168639034841253
1451,0.1451173818196916,0.41168631926737775
1452,0.14511613283809105,0.41168631083344864
1453,0.1451145420925298,0.4116862581559143
1454,0.14519662370988226,0.41168627448131023
1455,0.1451810121352362,0.4116863900197313
1456,0.14518370337221467,0.41168640525449474
1457,0.14518363193298817,0.4116863816943338
1458,0.14496306730913083,0.4116863659405463
1459,0.14499033795403302,0.41168651137648454
1460,0.1449934354237093,0.41169131738826203
1461,0.144991537172312,0.4116913255507327
1462,0.14499134818414983,0.4116912996258826
1463,0.14499042457717334,0.41169126561714686
1464,0.14499371997757213,0.4116913517206779
1465,0.145116679808392,0.4116921463388926
1466,0.1451173462228123,0.41169215688441574
1467,0.14497215923986606,0.4116922549112145
1468,0.14497390135753901,0.41169222515101717
1469,0.14496313489533844,0.4116922381892065
1470,0.14497173715257944,0.41169237561940975
1471,0.14496821098679055,0.4116922056293525
1472,0.14496901846407872,0.4116922386011904
1473,0.14496894305679225,0.41169234807026844
1474,0.14463431085860604,0.41169229636387106
1475,0.1446305001061152,0.411692234963132
1476,0.14462777708747382,0.4116931711308188
1477,0.14462608674180627,0.4116928986442476
1478,0.14462705571570864,0.41169290506550044
1479,0.14455101961134248,0.4116928107543152
1480,0.1445488491303297,0.4116928034826007
1481,0.1445481674703351,0.41169268449573215
1482,0.14454734414052609,0.41169264820378365
1483,0.14454827929359326,0.4116926565539205
1484,0.14455446801717767,0.411692623753985
1485,0.14449418175578366,0.41169257441722673
1486,0.14449453768479736,0.41169257273626203
1487,0.14449353023841233,0.41168978915843296
1488,0.1445113523867853,0.4116898369380625
1489,0.14457088071167123,0.4116208036637376
1490,0.1445714988308586,0.4116206817953004
1491,0.14457983573870486,0.4116206446532451
1492,0.14458347086951892,0.4116206933743496
1493,0.14452189961191503,0.4116206763261484
1494,0.14452130476276784,0.41162072983228787
1495,0.14453083709014192,0.41162080808417845
1496,0.1444246615146354,0.41162076430667804
1497,0.1444267683435181,0.41162081737961487
1498,0.144429204578649,0.4116208972906679
1499,0.14442736360764263,0.41162086730983194
1500,0.14444701342000726,0.411620763141637
1501,0.14444491145931213,0.41162097464280845
1502,0.1444503487114454,0.41162099841834704
1503,0.1444712975299902,0.4116209288189282
1504,0.14447009561807733,0.4116208720601414
1505,0.14447075559199926,0.41162085309717683
1506,0.14446868707360908,0.4116209046399531
1507,0.14446832350227132,0.41162097864682623
1508,0.14447125276794143,0.41162108992915947
1509,0.14446927694397055,0.41162105136265514
1510,0.14446888759053536,0.41162102214459273
1511,0.1445006747094026,0.4116209319566869
1512,0.1444976996207475,0.4116209360555441
1513,0.14448369590650303,0.4116210129325724
1514,0.14421181868226912,0.41162093347412076
1515,0.1441821199293441,0.41161310441256305
1516,0.1441827908132039,0.411613194089069
1517,0.14417806852937076,0.41161308763964016
1518,0.14417558855768337,0.41161316452125896
1519,0.14417292941148718,0.41161315677414667
1520,0.14426525931990244,0.4116132113659713
1521,0.1442479802621212,0.4116133077330849
1522,0.14421903895103222,0.41161327414040727
1523,0.14443511249345056,0.4116133552792453
1524,0.1443833523688931,0.4116134081602046
1525,0.14438245286187093,0.4116133345522349
1526,0.14438147636430812,0.41161330111002725
1527,0.14438413403560865,0.4116133261705343
1528,0.14438557548415587,0.41161342393388506
1529,0.1443474212094814,0.4116136296523159
1530,0.14435156068688207,0.4116138009774879
1531,0.14434186963600268,0.4116100054632077
1532,0.14430412185189193,0.41160997483190165
1533,0.144268799707751,0.41161131938419937
1534,0.14454392864584142,0.4116115883731696
1535,0.14454726619188304,0.4116116163819766
1536,0.14451183747969182,0.4116178633209735
1537,0.1445116964846554,0.41161777993002724
1538,0.14453571817945682,0.4116179308638136
1539,0.14453843367094482,0.41161795201932544
1540,0.14426856043589834,0.41161794142882985
1541,0.1442701585197409,0.411618077833163
1542,0.144271070287978,0.411618032540993
1543,0.14425174264429688,0.4116180084296591
1544,0.14425668946430356,0.41161810935996723
1545,0.14425647190678487,0.41161810053425707
1546,0.14425999308170329,0.4116182906090967
1547,0.1442288911388676,0.41161829573471803
1548,0.14422883488378516,0.4116183759991629
1549,0.1442625642756527,0.4116184311117096
1550,0.1442626110205611,0.4116184081087152
1551,0.14427133221214575,0.4116184639015623
1552,0.14431255687773448,0.4116182625506225
1553,0.14421104538529672,0.4116181810999244
1554,0.14420995189067498,0.4116182022498941
1555,0.14421124260032717,0.4116182607400187
1556,0.14421757816445435,0.41161823812170306
1557,0.14355051625378107,0.41161814327974355
1558,0.14351923872392872,0.41161706117538105
1559,0.14350641922749727,0.41161725279555716
1560,0.1435034307447244,0.41161732478504237
1561,0.14348432586532417,0.4116173938183869
1562,0.1435027524395413,0.4116172556565961
1563,0.14350551278541449,0.4116171794924533
1564,0.14350491932264353,0.41161731521469536
1565,0.14350584122348606,0.4116082718392475
1566,0.14349651511876832,0.41160814690841985
1567,0.14349187200864147,0.4116080753559662
1568,0.14353967460681488,0.41160805574685433
1569,0.1434921892919374,0.4116079948349715
1570,0.1435703644103885,0.41160790991430113
1571,0.14331244824583708,0.41160767608014803
1572,0.14330255352383267,0.41160782637001603
1573,0.143303415340516,0.41160785069778616
1574,0.14330327505882223,0.4116078779674913
1575,0.14332326999900397,0.4116078310687302
1576,0.14332047144309548,0.41137725137206027
1577,0.14328784837856923,0.41137729583470384
1578,0.1432886020248057,0.4113773248794276
1579,0.1432812471258327,0.411377828853586
1580,0.1432800363723328,0.4113777347228593
1581,0.14315857843412005,0.41137740214540175
1582,0.14326392901789264,0.4113776082508574
1583,0.14326467451901112,0.4113776730646935
1584,0.14329529788722647,0.41137745719866603
1585,0.14328797077794453,0.41137747453658413
1586,0.14328416765097782,0.41137736138533026
1587,0.14328615769433978,0.4113774792988233
1588,0.14328627780301192,0.411377477055958
1589,0.14329941800443724,0.41137781833703946
1590,0.14329910921412423,0.41137765000772364
1591,0.14329850197762312,0.4113778826961562
1592,0.14329548947608634,0.41137794767574015
1593,0.14331937156631014,0.41137805597987775
1594,0.14331828563213092,0.4113780373599817
1595,0.14332066758089365,0.4113782598572982
1596,0.14309491382542128,0.4113781632110357
1597,0.1430950610583887,0.411378298324959
1598,0.14312374294091268,0.41137833148755953
1599,0.14312506259909796,0.4113767748602847
1600,0.14296319636066443,0.41137675520264577
1601,0.14296169255117097,0.4113768157747682
1602,0.14296188090524656,0.41137698166599285
1603,0.142928445755696,0.4113769650953444
1604,0.14289987574219148,0.4113780880981686
1605,0.14296071469887955,0.4113780439112024
1606,0.1429051665425906,0.41137804015263857
1607,0.1428919703992473,0.41137805465880667
1608,0.14292082899508612,0.41137814699604663
1609,0.14294437924309578,0.41137808330220305
1610,0.14300269341849275,0.4113780255927189
1611,0.1429998568737958,0.41137811706024213
1612,0.14297477920444351,0.41137802823958064
1613,0.14289197295062356,0.41137803029451403
1614,0.14289905718416188,0.41137794552726675
1615,0.14289709571943107,0.41137793354554686
1616,0.14285522130871234,0.4113778569268873
1617,0.14287280315127077,0.4113778933311097
1618,0.1428703210644922,0.4113779572345583
1619,0.14286461865507152,0.4113779646107176
1620,0.14286414669543407,0.4113780017459333
1621,0.14289005649445352,0.411378003846156
1622,0.1428913577456893,0.4113315521086228
1623,0.14288912915323312,0.41133161539220575
1624,0.1427513463331091,0.4113315571897315
1625,0.1427332169320083,0.41133158632149397
1626,0.14274145911516978,0.411331524479002
1627,0.14266574572390436,0.41133135427079753
1628,0.14265328926980672,0.41133132517522836
1629,0.14267796070357744,0.41133136653982083
1630,0.14267577075339472,0.4113311824439519
1631,0.14268265265651597,0.4113311125070407
1632,0.14268629889150533,0.41133111666254757
1633,0.14269376316728646,0.4113313178213363
1634,0.14268377255645168,0.4113310946677645
1635,0.14267591062766316,0.41133115646220053
1636,0.14268654297710515,0.411331228266821
1637,0.14270148844076297,0.41009767825114685
1638,0.14266047278113475,0.41009768711720673
1639,0.1426613318821806,0.41009777997182545
1640,0.14266163688346029,0.4100977425953916
1641,0.14254669279384677,0.41009748639906285
1642,0.14255983992554358,0.4100973944897879
1643,0.1424551745654231,0.4100972454325921
1644,0.14252477516487544,0.41009725016260334
1645,0.14252239389542015,0.41009721919848074
1646,0.14306577587103625,0.41009721529935783
1647,0.1430723785566222,0.4100991892017648
1648,0.14307259988348994,0.41009908115461513
1649,0.14321568163681705,0.41013386597166807
1650,0.14318657826553732,0.4101337329842905
1651,0.14318736561251746,0.4101342292784057
1652,0.1432279914035049,0.41013550688146533
1653,0.14323096698367568,0.4101355902555551
1654,0.14324300557188738,0.41013556090466574
1655,0.14325810897528798,0.4101356039037579
1656,0.14321930081543213,0.4101355297428559
1657,0.14295339683278874,0.4101354862217428
1658,0.14295368453957244,0.4101355113020789
1659,0.14294852901591878,0.41013558800200406
1660,0.14294166304301723,0.4101363472455416
1661,0.1429437487236659,0.4101362330225665
1662,0.14288576953174797,0.4101362722921972
1663,0.14287188867724884,0.41013598095521
1664,0.14287422330975924,0.410136028306942
1665,0.14290881487769397,0.4101359649994908
1666,0.142947681283742,0.41013603947047833
1667,0.14288544080080484,0.4097879706495533
1668,0.14288020382341723,0.40978802783235635
1669,0.14289491895796713,0.4097879497619913
1670,0.14289572255671004,0.4097879246508055
1671,0.1428957096785495,0.4097879596784833
1672,0.14290986333542097,0.40978798595721944
1673,0.14421238412414827,0.40980403393237747
1674,0.1442128253571004,0.4098039280420319
1675,0.14383232442109417,0.40980382129923454
1676,0.14382424162542007,0.40980375772180916
1677,0.14381347073326256,0.4098037533532744
1678,0.14381391611222158,0.4098037254379898
1679,0.14381620406713452,0.40980377692767195
1680,0.1437905561755502,0.4098037514047941
1681,0.1437881486943022,0.4098027587334497
1682,0.1437897807240533,0.4098042840788508
1683,0.1437859971666909,0.4098042459950658
1684,0.14379786155276036,0.4098043947754292
1685,0.14363477963549598,0.4098043474342677
1686,0.1435533794004797,0.40980422753221324
1687,0.14351752736652212,0.4098042511363097
1688,0.1434933020363976,0.4098042555488922
1689,0.14351007735599955,0.40980417724347984
1690,0.1435033893825968,0.40980417131949265
1691,0.14350936033013723,0.40980423562384266
1692,0.14351185807327327,0.40980417848368667
1693,0.14354304872158818,0.4098019254356603
1694,0.1435234302841273,0.4098018574999459
1695,0.1435196742372677,0.4098018054858188
1696,0.1435219902383394,0.40980178803887285
1697,0.1436546867061763,0.4098016712435125
1698,0.1435824954105397,0.40980169985754394
1699,0.1434402275738506,0.4098014899253736
1700,0.1434391148659249,0.4098014872447232
1701,0.14344271194500377,0.40980140432840945
1702,0.1434451742743254,0.40980151949727117
1703,0.14344720131985847,0.4098016321581429
1704,0.14334044259761713,0.40980165897688875
1705,0.1433920701103335,0.40980033689440337
1706,0.1433953155196878,0.4098003520129521
1707,0.1433863267595245,0.4098004663373541
1708,0.1433820052229803,0.4098004740221115
1709,0.1433846272508281,0.40980048900641364
1710,0.14338465298075875,0.40980041519215427
1711,0.14337648723207075,0.4098003844326028
1712,0.14337235721361014,0.409800304448437
1713,0.14338136115264602,0.40980022347010003
1714,0.14338431914143088,0.40979999643828047
1715,0.14338426855811626,0.40979991064251264
1716,0.14338265899725375,0.40979990467466176
1717,0.14338619383844003,0.4097997674651066
1718,0.14338874179776337,0.40979972750131105
1719,0.14298013095531478,0.409799663321228
1720,0.14297825897098165,0.4097996109169161
1721,0.14296417628450975,0.4097995552428765
1722,0.1430508359049454,0.4097996055116978
1723,0.14297513024850453,0.40979950904236695
1724,0.14297550008005094,0.40979953137369385
1725,0.14306903364311446,0.4097995003929209
1726,0.14301457615351518,0.409799455805295
1727,0.14301104706944695,0.40979944200239443
1728,0.1430304916897263,0.4097994039211515
1729,0.14303238213780575,0.40979940322038927
1730,0.1430703732347876,0.40979944102853577
1731,0.14329661042476285,0.4097994618718247
1732,0.14329190765737948,0.4097999717356065
1733,0.1432871338507972,0.4098000536637998
1734,0.14328426848727127,0.4098000920795414
1735,0.14328287393616462,0.4098002089137906
1736,0.14342055809695653,0.4096770203543489
1737,0.14377320582064515,0.4096771470280248
1738,0.14375987949279592,0.4096770887430523
1739,0.14375834827647724,0.40967705142267813
1740,0.14338706829745312,0.40967764395215917
1741,0.1434648620653728,0.4096776556686644
1742,0.14357525297072646,0.40967761316622725
1743,0.1435743212129919,0.4096776232564646
1744,0.1435630441191962,0.40967762995079615
1745,0.1435616525989492,0.4096777307381692
1746,0.1434513262267492,0.409677735684072
1747,0.1434643264296686,0.4096777297405625
1748,0.1434643484417627,0.40967783297016086
1749,0.14346755960215812,0.4096778069363233
1750,0.14346469847878135,0.40967708816770126
1751,0.1434590640384733,0.40967710053120304
1752,0.1434163400615467,0.409677069031705
1753,0.1434594514243,0.40967716692176914
1754,0.14343140998222254,0.40967709699351007
1755,0.14343645499165653,0.4096770170611254
1756,0.14343483547663025,0.40967706749493543
1757,0.14282394622298827,0.40967704919592585
1758,0.14286921342634593,0.40967711106977767
1759,0.1428880985309643,0.40967719930006236
1760,0.1428783258013525,0.40967725710487973
1761,0.14285433198406172,0.409677252521902
1762,0.14285685493581785,0.4096772130245713
1763,0.14285419151377832,0.40967726619627215
1764,0.14284884099061462,0.4096772793503346
1765,0.14282527178444943,0.40967728936267367
1766,0.14284868437400547,0.4096772078615314
1767,0.14284884902439193,0.40967718860224417
1768,0.14284924628664597,0.4096772476120556
1769,0.14283540996912275,0.4096771345204564
1770,0.14283496937914458,0.4096770812069245
1771,0.14283636854955625,0.40967708787875196
1772,0.14283513085036145,0.40967707581355384
1773,0.14287231377630477,0.4096770543872535
1774,0.14287366180986372,0.4096770626003711
1775,0.1429138084935373,0.40967722555586283
1776,0.14291427064645773,0.4096772942483038
1777,0.14291012084461072,0.40967721556421627
1778,0.14291367863314614,0.4096772634477645
1779,0.1429108189907619,0.4096772475574862
1780,0.14290409123292858,0.40967736363399065
1781,0.1429052650640653,0.40967742349533387
1782,0.14289950028448314,0.40967751717926165
1783,0.14291684326436796,0.40967755810847784
1784,0.1429361574752092,0.4096774973943755
1785,0.14263318535115582,0.4096774441597827
1786,0.1425665240060345,0.40967742884758246
1787,0.14256444602864488,0.409677380192214
1788,0.14255668627408394,0.4096774254062849
1789,0.14370133978709018,0.40967747720033404
1790,0.143684888186348,0.4096775522244635
1791,0.14368435223592105,0.40968728506337726
1792,0.14369531447996675,0.4096872182503392
1793,0.14369352140626765,0.40968725064659617
1794,0.14369350278805462,0.4096872094852557
1795,0.14370350395751433,0.40968718145029054
1796,0.14370486383858047,0.4096872183035984
1797,0.14369834026626693,0.4096872571773164
1798,0.14387675089779978,0.40968716438455355
1799,0.1437913151328398,0.4096872294655391
1800,0.1437797524997418,0.40968714817369367
1801,0.14378678766989322,0.4096872169876488
1802,0.1438442877573581,0.40968727702415036
1803,0.1438914231407079,0.40968723242514776
1804,0.14387525978779062,0.40968716087580426
1805,0.14391852037684102,0.4096872469400495
1806,0.14391923428271963,0.4096872602392564
1807,0.14391530630888924,0.40968724735460205
1808,0.14385764465657802,0.40968732467013486
1809,0.14391275127272057,0.4096874454798118
1810,0.14372715907482284,0.40968744773453103
1811,0.14372744659953768,0.4096874246439022
1812,0.14372824133376805,0.40968756161990927
1813,0.1437149401345955,0.4096875142930457
1814,0.14370629252932965,0.4096876272201329
1815,0.14370681474268326,0.40968757395819894
1816,0.14370639563647428,0.40968754817068775
1817,0.14369307417167176,0.4096875332310299
1818,0.1436940328347876,0.4096876546761504
1819,0.14369507587723984,0.4096878045004244
1820,0.14369389946779032,0.40968775767533316
1821,0.1437768301721118,0.40968789512269677
1822,0.14372882617848207,0.4096879461866843
1823,0.14373281056145523,0.4096879948934351
1824,0.14372399653148504,0.4096881074938558
1825,0.14372305376531766,0.40968817525977
1826,0.14371927977384316,0.4096883550313673
1827,0.14371859645251073,0.40968837438780287
1828,0.14365666571700744,0.4096369465746582
1829,0.14363853411633973,0.4096370612703265
1830,0.1436390156991598,0.40963701834998234
1831,0.14362631607982465,0.4096370250084849
1832,0.14362585782999748,0.4096370045060464
1833,0.14361933594304033,0.4096369979102489
1834,0.14360481935567027,0.409636890979869
1835,0.14359195183335408,0.40963686927846366
1836,0.14359544521628692,0.4096369065140915
1837,0.14359427380985523,0.4096369775294897
1838,0.1436022642803843,0.4096370023451114
1839,0.14343370204769318,0.40963718336383054
1840,0.14343067080269908,0.4096370793804704
1841,0.1434295418156994,0.40963695488849894
1842,0.1434288573595479,0.40963693076307905
1843,0.14342956679702223,0.4096369334098625
1844,0.1434293705011263,0.4096368585683699
1845,0.14355089924503392,0.4096369373529745
1846,0.1435573038262836,0.40963700518034774
1847,0.14355720707110264,0.4096371212205364
1848,0.143556716781307,0.40963696135948907
1849,0.14355189856057737,0.40963695864769123
1850,0.14355401163589077,0.4096370348391056
1851,0.14355453585212768,0.40963696892795587
1852,0.143547377672888,0.40963698061885856
1853,0.14354212384807638,0.40963694436446285
1854,0.14355865938919193,0.4096368909172371
1855,0.1435676106576131,0.40963693372716836
1856,0.1435736313890311,0.40963695272890216
1857,0.1435738453408582,0.4096369578620845
1858,0.1435704268316041,0.4096369443573392
1859,0.14357000635568148,0.40963684994914445
1860,0.1435686331065863,0.4096368730448779
1861,0.1435616245803044,0.4096368903677445
1862,0.14356112231774676,0.40963677121021363
1863,0.1435646286048652,0.40963683413934443
1864,0.14360435629752769,0.40963677129106324
1865,0.14360488233922497,0.40963676987767705
1866,0.1436038896470577,0.4096366515695621
1867,0.14360046443711866,0.40963669903388045
1868,0.14360062001693935,0.4096367048540845
1869,0.14355626870607924,0.40963677128255027
1870,0.14355721096846602,0.4096367267912478
1871,0.14351545181133651,0.4096367417424953
1872,0.14351771694475404,0.40963671638323945
1873,0.1435087927790476,0.4096366371027801
1874,0.14350953594373622,0.40963667373128115
1875,0.1435144236481656,0.40963658660356594
1876,0.14351443184426121,0.4096365776432099
1877,0.14350893255944935,0.4096364976808092
1878,0.14351195524716154,0.4096364163120366
1879,0.1435161851012609,0.4096363412462577
1880,0.14351735936494378,0.4096363016645543
1881,0.14354182911098012,0.40963634220815887
1882,0.1435426389626354,0.4096363689383605
1883,0.14354874460869976,0.40963647465170183
1884,0.14355103731584365,0.4096366298336016
1885,0.1436108252947615,0.4096365944036303
1886,0.14358692035964335,0.4096365781408253
1887,0.14331805425501917,0.40963660831240345
1888,0.14342108559323305,0.4096366287088018
1889,0.14338875590002004,0.4096365483155105
1890,0.14339182406244666,0.40963661226374837
1891,0.14347480303377086,0.40963666181714087
1892,0.14347487576961085,0.409636622406279
1893,0.14347609925110588,0.40963650995892636
1894,0.14348434716055475,0.40963643585175
1895,0.1434764213440921,0.40963649248715817
1896,0.14344816518620457,0.4096364730087803
1897,0.14343002180859468,0.4096364393210491
1898,0.1433499347942686,0.4096362893102409
1899,0.14334821453538943,0.40963619248649535
1900,0.14332275421885682,0.4096362270445339
1901,0.14332454788154303,0.40963632130763533
1902,0.14332666849540376,0.40963629034061216
1903,0.14332415391738504,0.4096363368619472
1904,0.14331816895863272,0.4096362295505845
1905,0.14331780365392185,0.4096362266108227
1906,0.14331722501977115,0.4096370023951935
1907,0.14334740776396845,0.40963698889101147
1908,0.1432942571509881,0.40963698027943823
1909,0.1430382302870046,0.40963699587413166
1910,0.14301432994782184,0.4096369683772604
1911,0.1430139996813945,0.40963686160426926
1912,0.14302466370536862,0.40963692842126986
1913,0.14299632388738304,0.40741894583812205
1914,0.14299490012096883,0.4074189431533132
1915,0.14299463371699922,0.40741902382292017
1916,0.14294197630856975,0.4074190447744546
1917,0.14291983776847345,0.40741906775129877
1918,0.14293917164863817,0.4074191742754838
1919,0.14293980002809634,0.40741916290865043
1920,0.14295052992569707,0.4074191673293915
1921,0.14295009877645187,0.407419054235891
1922,0.1429572310405008,0.4074189689938071
1923,0.14295624143455699,0.40741892693851245
1924,0.14295638382494766,0.407419001269351
1925,0.1429568183436417,0.40741902522939577
1926,0.14298555486731737,0.4074186444470647
1927,0.14298506594153576,0.4074186023865198
1928,0.14307551459169446,0.4074184116439465
1929,0.14307593906093502,0.40741845632057627
1930,0.1430890766802798,0.40741847480685456
1931,0.14307229487153633,0.4074184702867211
1932,0.1430643451945351,0.40741856542395505
1933,0.1430160120046436,0.40741855028360296
1934,0.14301269848678982,0.4074185751821152
1935,0.1430046842634658,0.407418378141283
1936,0.14300524538064333,0.40741849629409027
1937,0.14300516393769885,0.40741854932720595
1938,0.143002517738894,0.40741843290338753
1939,0.14300267558056495,0.4074184670323289
1940,0.14299305374299184,0.4074184200807388
1941,0.14298710286775318,0.40741844201712996
1942,0.14298926338849954,0.40741853829976477
1943,0.14292432278907102,0.40741868918748614
1944,0.14292361666278197,0.4074186778542187
1945,0.14292355330769355,0.4074187307629923
1946,0.1429221104217419,0.4074186933745246
1947,0.1429223863323718,0.4074185682523219
1948,0.14292364782432715,0.40741838861142865
1949,0.14292437245420028,0.40741840935468493
1950,0.14295029591126315,0.4074184698488373
1951,0.14295630579673088,0.407418544962051
1952,0.14295609243203594,0.40741854882746137
1953,0.1429039735987147,0.40741857736379306
1954,0.14290288928328723,0.40741863955161345
1955,0.14291375192021927,0.407418709459024
1956,0.1429135795832903,0.40741866772031843
1957,0.1429132096480344,0.40741866312501845
1958,0.14291470681777885,0.4074187364805084
1959,0.1429150184406333,0.4074188138599192
1960,0.142914974242573,0.4074188630953756
1961,0.14291904915573495,0.40741892844774696
1962,0.14291129409640782,0.4074189072803148
1963,0.1428957424808864,0.40741888298463547
1964,0.14287221082692603,0.4074189019370798
1965,0.14289006602908488,0.4074189770771663
1966,0.1428919485546238,0.40741892959521986
1967,0.1429220991120216,0.4074189594202965
1968,0.14292228531088258,0.4074189915186759
1969,0.14291925873316497,0.4074190177478624
1970,0.14292417635176644,0.40741901656921975
1971,0.1430026344092998,0.4074189043416938
1972,0.14300465236838078,0.4074188555585649
1973,0.14300171192133368,0.4074188854444903
1974,0.14301375861708715,0.40741893536816665
1975,0.14301268008363213,0.4074189610566038
1976,0.14301306569287367,0.40741889298833245
1977,0.1430131014275478,0.40741880987083545
1978,0.14330572105113198,0.4074183629919874
1979,0.14330573944635863,0.4073450535623957
1980,0.1433055703759459,0.4073450268197578
1981,0.1432721093826056,0.4073449474079981
1982,0.14326230674738274,0.4073449004503832
1983,0.14323941079320507,0.4073449018217997
1984,0.14323782655322564,0.40734483292444673
1985,0.14323801272721007,0.40734469795541567
1986,0.1432244372633451,0.4073448198666589
1987,0.14333486078911223,0.407344928320131
1988,0.14324483109568095,0.4073448566028818
1989,0.14329817462605432,0.4073449607933558
1990,0.1432973196060239,0.4073448031186282
1991,0.14331083532304692,0.40734475317561125
1992,0.14330958847221376,0.4073446549314343
1993,0.14331094263024477,0.4073446766249534
1994,0.1432669506153335,0.4073447183036151
1995,0.1432363397215724,0.40734480075729856
1996,0.14323694864115094,0.4073449180947685
1997,0.143205413282623,0.40734496037838186
1998,0.14320473335540762,0.4073455868016051
1999,0.1431979015532955,0.40734558753725025
